cnpj,cgf,razaoSocial,regime
38004895000105,70963959,A2L ENERGIA LTDA - ME,NORMAL
35057801000178,71619771,J R LIMA SOUSA COMERCIO DE ALIMENTOS LTDA,NORMAL
50487881000195,71281916,J R FEIJAO LTDA - ME,NORMAL
22185800000167,64435792,FEDERAL MOTOS COMERCIO E SERVICOS LTDA,NORMAL
41550666000109,68927525,MA DE ALMEIDA COMERCIO DE ALIMENTOS IDEAL LTDA,NORMAL
34782324000140,61766208,J.S. BARREIRA AUTO CENTER LTDA,NORMAL
12981026000309,70393095,MERCANTIL SUPER CUMBUCO LTDA,NORMAL
19094467000176,67253407,MARCOS ESTOFADOS & DESIGN LTDA,NORMAL
12981026000147,64209318,MERCANTIL SUPER CUMBUCO LTDA,NORMAL
02908742000145,62746987,NUTRICAO COMERCIO E SERVICOS LTDA,NORMAL
28962543000109,68797745,VESSEL ENERGIA LTDA,NORMAL
12981026000147,64209318,MERCANTIL SUPER CUMBUCO LTDA,NORMAL
17608115000166,65081250,COMERCIAL PRAIA E MAR LTDA,NORMAL
36377629000100,62304577,LOJA DOS DESCONTOS LTDA,NORMAL
00224205000150,69408327,CBV BEBIDAS LTDA,NORMAL
02908742000307,61337420,NUTRICAO COMERCIO E SERVICOS LTDA,NORMAL
01639337000106,69821313,SABOR DOCES e SALGADOS LTDA,NORMAL
20951181000572,61250996,ADE COMERCIO DE CALCADOS LTDA,NORMAL
23486871000162,66187150,FRANCISCO EVANILDO LIMA DA SILVA ME,NORMAL
02301602000104,69974195,NATAN DISTRIBUIDORA LTDA-ME,NORMAL
41550666000281,67790011,MA DE ALMEIDA COMERCIO DE ALIMENTOS IDEAL LTDA,NORMAL
14626026000154,65841751,TELES e ALMEIDA COMERCIO DE MOVEIS E ELETROS LTDA,NORMAL
02301602000104,69974195,NATAN DISTRIBUIDORA LTDA-ME,NORMAL
17608115000247,67391869,COMERCIAL PRAIA E MAR LTDA,NORMAL
38254713000154,61688657,DAG SERVICOS E MANUTENCAO VEICULAR LTDA,NORMAL
23486871000162,66187150,FRANCISCO EVANILDO LIMA DA SILVA ME,NORMAL
08571105000102,62054317,HENRIQUE SOUSA CAETANO LTDA,MICROEMPRESA
02008455000189,69269670,M C LUZ LTDA,MICROEMPRESA
00224205000150,69408327,CBV BEBIDAS LTDA,NORMAL
17608115000328,67573240,COMERCIAL PRAIA E MAR LTDA,NORMAL
38254713000154,61688657,DAG SERVICOS E MANUTENCAO VEICULAR LTDA,NORMAL
17608115000328,67573240,COMERCIAL PRAIA E MAR LTDA,NORMAL
02008455000189,69269670,M C LUZ LTDA,MICROEMPRESA
20207994000129,63327562,L W INDUSTRIA E COMERCIO DE GONDOLAS E CHECK OUTS LTDA,NORMAL
40039101000190,61273481,CASTRO DISTRIBUIDORA DE ALIMENTOS LTDA,NORMAL
45768013000143,70530700,CENTERCAR SERVICOS PARA AUTOS LTDA - EPP,NORMAL
12395763000168,64100200,J. P. COMERCIO DE ALIMENTOS LTDA,NORMAL
08571105000102,62054317,HENRIQUE SOUSA CAETANO LTDA,MICROEMPRESA
31649378000144,67824080,NARCICIO A MENDES,NORMAL
31817492000136,67848400,N S FURTADO COMERCIO VAREJISTA DE ACAI,NORMAL
08874086000193,62103881,CURA CERTA COMERCIO VAREJISTA DE PRODUTOS FARMACEUTIVOS LTDA,NORMAL
39710449000189,62400037,A SUZILANE DA SILVA LTDA,NORMAL
42805395000140,70239371,CPD ALIMENTACAO LTDA.,MICROEMPRESA
08857917000119,62093940,JR COMERCIO DE MOVEIS LTDA,NORMAL
05239266000105,63681706,FORTAL INDUSTRIA COMERCIO E SERVICOS DE PRE-MOLDADOS LTDA,NORMAL
31649378000144,67824080,NARCICIO A MENDES,NORMAL
17389943000150,65025032,COMERCIAL DE ALIMENTOS NETO LTDA,NORMAL
00973755000172,69570612,COMERCIAL ESTIVAS DE ALIMENTOS LTDA,NORMAL
31817492000136,67848400,N S FURTADO COMERCIO VAREJISTA DE ACAI,NORMAL
23343540000173,64701611,BRN COMERCIO DE CALCADOS LTDA,NORMAL
37006453000135,62539051,J G M RIBEIRO,NORMAL
05239266000105,63681706,FORTAL INDUSTRIA COMERCIO E SERVICOS DE PRE-MOLDADOS LTDA,NORMAL
00973755000172,69570612,COMERCIAL ESTIVAS DE ALIMENTOS LTDA,NORMAL
39597684000196,64617050,CASA DOS PNEUS COMERCIO E IMPORTACOES LTDA,NORMAL
17389943000150,65025032,COMERCIAL DE ALIMENTOS NETO LTDA,NORMAL
31649378000144,67824080,NARCICIO A MENDES,NORMAL
11117295000105,63844010,ANTONIO MAURO DE SOUZA UCHOA JUNIOR LTDA,NORMAL
13258237000119,65552202,NIPAN MASSAS CONGELADAS LTDA,NORMAL
28429030000137,66796091,A L S MENDES MOVEIS,NORMAL
31817492000136,67848400,N S FURTADO COMERCIO VAREJISTA DE ACAI,NORMAL
13258237000119,65552202,NIPAN MASSAS CONGELADAS LTDA,NORMAL
00973755000172,69570612,COMERCIAL ESTIVAS DE ALIMENTOS LTDA,NORMAL
43418910000100,70155593,ACO CEARA INDUSTRIA E COMERCIO LTDA,NORMAL
11117295000105,63844010,ANTONIO MAURO DE SOUZA UCHOA JUNIOR LTDA,NORMAL
39597684000196,64617050,CASA DOS PNEUS COMERCIO E IMPORTACOES LTDA,NORMAL
07121465000140,61788627,I M PEREIRA,NORMAL
31817492000136,67848400,N S FURTADO COMERCIO VAREJISTA DE ACAI,NORMAL
37006453000135,62539051,J G M RIBEIRO,NORMAL
39710449000189,62400037,A SUZILANE DA SILVA LTDA,NORMAL
46786767000199,70711771,NTS DISTRIBUIDORA DE ALIMENTOS LTDA - EPP,NORMAL
33191167000136,70311072,C2B TECH COMERCIAL LTDA,NORMAL
05646748001151,64311066,UCHOA COMERCIO DE GAS LTDA,NORMAL
33247250000180,69363986,NBC CONSULTORIA LTDA,OUTROS
20373830000171,63350661,OBA FESTAS LTDA,NORMAL
32343397000100,67940188,LIBERTY JEANS LTDA,NORMAL
33384059000180,69359202,J. L. E. DE OLIVEIRA SR PANDINHA,MICROEMPRESA
05646748000180,66793750,UCHOA COMERCIO DE GAS LTDA,NORMAL
31817492000217,71358099,N S FURTADO COMERCIO VAREJISTA DE ACAI,NORMAL
09581459000281,62552368,SETE VITORIA TRANSPORTE LTDA - EPP,NORMAL
32084111000110,67915841,OCULART OTICA LTDA,EPP
05646748000422,63641682,UCHOA COMERCIO DE GAS LTDA,NORMAL
20951181000653,70543763,ADE COMERCIO DE CALCADOS LTDA,NORMAL
09156818000172,62162969,MAGILA HELLEN PEREIRA ME,NORMAL
05646748000260,62164333,UCHOA COMERCIO DE GAS LTDA,NORMAL
36181497000139,62097849,ESTALEIRO BEBIDAS LTDA,NORMAL
20951181000300,64423875,ADE COMERCIO DE CALCADOS LTDA,NORMAL
35807969000153,60959819,YURI BERNARDO MARQUES,NORMAL
20951181000149,63483297,ADE COMERCIO DE CALCADOS LTDA,NORMAL
36027577000215,70786089,G F SILVA CUNHA - ME,NORMAL
36220012000179,62507168,UAU CAFETERIA LTDA,MICROEMPRESA
14798097000134,65856848,ARMAZEM DOS FRIOS E LATICINIOS LTDA,MICROEMPRESA
14626026000235,71034072,TELES e ALMEIDA COMERCIO DE MOVEIS E ELETROS LTDA,NORMAL
05646748000341,63584646,UCHOA COMERCIO DE GAS LTDA,NORMAL
20951181000653,70543763,ADE COMERCIO DE CALCADOS LTDA,NORMAL
21111467000189,63807165,ISAAC SOUSA BEZERRA ME,NORMAL
36181497000139,62097849,ESTALEIRO BEBIDAS LTDA,NORMAL
13817593000125,65637488,MTPLAST COMERCIO DE EMBALAGENS LTDA,MICROEMPRESA
13258237000461,70638306,NIPAN MASSAS CONGELADAS LTDA - ME,NORMAL
20951181000220,63719924,ADE COMERCIO DE CALCADOS LTDA,NORMAL
33912498000118,69551715,MASTER CAIXAS EMBALAGENS LTDA,NORMAL
21813066000170,64396380,2022ACO EIRELI,NORMAL
33912498000118,69551715,MASTER CAIXAS EMBALAGENS LTDA,NORMAL
13258237000380,70556857,NIPAN MASSAS CONGELADAS LTDA - ME,NORMAL
18631323000149,65240359,PADARIA MAR E SOL LTDA,NORMAL
33247250000180,69363986,NBC CONSULTORIA LTDA,OUTROS
22850504000133,64710580,CARIRI COMÉRCIO DE ARTIGOS OPTICOS LTDA. - ME,EPP
33384059000180,69359202,J. L. E. DE OLIVEIRA SR PANDINHA,MICROEMPRESA
35807969000153,60959819,YURI BERNARDO MARQUES,NORMAL
37520811000123,61331058,COMERCIO DE PRODUTOS E SERVICO PARA ANIMAIS LTDA,NORMAL
20951181000300,64423875,ADE COMERCIO DE CALCADOS LTDA,NORMAL
33912498000118,69551715,MASTER CAIXAS EMBALAGENS LTDA,NORMAL
03854920000165,62993950,S & A COMERCIO DE ARTIGOS OPTICOS LTDA ME,EPP
33384059000180,69359202,J. L. E. DE OLIVEIRA SR PANDINHA,MICROEMPRESA
21813066000170,64396380,2022ACO EIRELI,NORMAL
22749300000100,64570711,HIDRAULICA CEARENSE SERVICO E MANUTENCAO LTDA,NORMAL
33191167000136,70311072,C2B TECH COMERCIAL LTDA,NORMAL
11618173000275,65554795,RMG-CE COMERCIO DE CALCADOS LTDA,NORMAL
20951181000300,64423875,ADE COMERCIO DE CALCADOS LTDA,NORMAL
11618173000437,65255577,RMG-CE COMERCIO DE CALCADOS LTDA,NORMAL
33247250000180,69363986,NBC CONSULTORIA LTDA,OUTROS
21111467000189,63807165,ISAAC SOUSA BEZERRA ME,NORMAL
21111467000260,68788762,ISAAC SOUSA BEZERRA,NORMAL
21196487000108,64325555,COOPERATIVA AGROPECUARIA E DE SERVICOS NOSSA SENHORA APARECI,NORMAL
05646748001151,64311066,UCHOA COMERCIO DE GAS LTDA,NORMAL
32343397000100,67940188,LIBERTY JEANS LTDA,NORMAL
33191167000136,70311072,C2B TECH COMERCIAL LTDA,NORMAL
11618173000275,65554795,RMG-CE COMERCIO DE CALCADOS LTDA,NORMAL
11618173000437,65255577,RMG-CE COMERCIO DE CALCADOS LTDA,NORMAL
37780974000145,61448419,TPX INDUSTRIA DE CADEIRAS E MOVEIS PARA ESCRITORIO LTDA,MICROEMPRESA
38295532000176,71481320,STRONG ENERGY LTDA - ME,NORMAL
42639165000158,70084530,F M DA SILVA HOLANDA COMERCIO DE PRODUTOS FARMACEUTICOS,NORMAL
11618173000194,63929171,RMG-CE COMERCIO DE CALCADOS LTDA,NORMAL
22850504000133,64710580,CARIRI COMÉRCIO DE ARTIGOS OPTICOS LTDA. - ME,EPP
22749300000100,64570711,HIDRAULICA CEARENSE SERVICO E MANUTENCAO LTDA,NORMAL
38295532000176,71481320,STRONG ENERGY LTDA - ME,NORMAL
39755367000150,62409794,G MENDES BASTOS COMESTICOS LTDA,MICROEMPRESA
37520811000123,61331058,COMERCIO DE PRODUTOS E SERVICO PARA ANIMAIS LTDA,NORMAL
10968080000208,65042018,A & S COMERCIO DE ARTIGOS OPTICOS LTDA ME,EPP
37780974000145,61448419,TPX INDUSTRIA DE CADEIRAS E MOVEIS PARA ESCRITORIO LTDA,MICROEMPRESA
24111139000251,61749281,JAS SAMPAIO COMERCIAL DE ALIMENTOS LTDA,NORMAL
39755367000150,62409794,G MENDES BASTOS COMESTICOS LTDA,MICROEMPRESA
10968080000208,65042018,A & S COMERCIO DE ARTIGOS OPTICOS LTDA ME,EPP
38115641000164,61648590,ICARO VIEIRA DE ARAUJO,NORMAL
26918878000102,66353580,JUNGLE COMERCIO DE ACAI LTDA,NORMAL
37780974000145,61448419,TPX INDUSTRIA DE CADEIRAS E MOVEIS PARA ESCRITORIO LTDA,MICROEMPRESA
10968080000127,63818426,A & S COMERCIO DE ARTIGOS OPTICOS LTDA ME,EPP
42066305000146,61444871,UNS COMERCIO DE ALIMENTOS E BEBIDAS LTDA,MICROEMPRESA
42639165000158,70084530,F M DA SILVA HOLANDA COMERCIO DE PRODUTOS FARMACEUTICOS,NORMAL
21813066000170,64396380,2022ACO EIRELI,NORMAL
37520811000123,61331058,COMERCIO DE PRODUTOS E SERVICO PARA ANIMAIS LTDA,NORMAL
41326017000110,61308412,MR DOCTORS LTDA,MICROEMPRESA
42776403000177,70073490,ARANORD ARAMADOS NORDESTE SERVICOS E COMERCIO LTDA - EPP,NORMAL
10712266000110,63789450,E & E COMERCIO DE ARTIGOS OPTICOS LTDA,EPP
02908742000579,72170352,NUTRICAO COMERCIO E SERVICOS LTDA,NORMAL
37441892000176,62907883,MS COMERCIAL LTDA,NORMAL
37492561000165,63024144,AURICELIO ROBERTO DE QUEIROZ,NORMAL
10463419000133,63732254,MARQUES PET SHOP LTDA,MICROEMPRESA
05646748001070,64187853,UCHOA COMERCIO DE GAS LTDA,NORMAL
37096002000136,62558781,PIZZARIA SANTA MARGHERITA LTDA,NORMAL
20785430000335,71781986,LED PLANET IMPORTADORA  E COMERCIO DE MATERIAIS ELETRICOS LTDA,NORMAL
39452463000120,62330667,COMERCIO COLCHOES DOS SONHOS LTDA,MICROEMPRESA
40066919000100,70940584,ATIVOS REABILITACAO LTDA,NORMAL
20743516000133,63534398,HOLANDA MAIA COMERCIO DE MEDICAMENTOS LTDA,NORMAL
20394715000183,63450712,ACADEMIA CENTRAL FIT LTDA,OUTROS
09454956000138,63995573,JEBNET GLOBAL LINK LTDA,NORMAL
19723052000114,67224040,R C DOS SANTOS COMERCIO DE ACAI LTDA,NORMAL
18914734000141,67134270,PARANGABA VISION COMERCIO DE PRODUTOS OPTICOS LTDA,MICROEMPRESA
18452941000121,65189248,S B C INDUSTRIA E COMERCIO DE CONFECCOES E EQUIPAMENTOS LTDA,NORMAL
08994871000260,63725878,BESERRA e SILVA COMERCIO DE OCULOS LTDA,EPP
05646748000856,66050090,UCHOA COMERCIO DE GAS LTDA,NORMAL
05646748000937,63327260,UCHOA COMERCIO DE GAS LTDA,NORMAL
39615700000126,62362402,ANTONIA DAS GRACAS DA SILVA PAIXAO,MICROEMPRESA
42299117000168,70033480,"NORDESTE DISTRIBUIDORA DE GLP, AGUA , MATERIAIS ELETRICOS E",NORMAL
05646748000694,63995603,UCHOA COMERCIO DE GAS LTDA,NORMAL
37119017000172,71131353,C VIEIRA MAGAZINE LTDA,MICROEMPRESA
37441892000176,62907883,MS COMERCIAL LTDA,NORMAL
08393493000189,62011308,MARACANAU VISION COMERCIO DE ARTIGOS OPTICOS LTDA-ME,MICROEMPRESA
37492561000165,63024144,AURICELIO ROBERTO DE QUEIROZ,NORMAL
08427279000104,62019139,E V X COMERCIO DE ARTIGOS OPTICOS LTDA,MICROEMPRESA
36405115000103,62309021,PET & GROOMER LTDA,MICROEMPRESA
08393493000189,62011308,MARACANAU VISION COMERCIO DE ARTIGOS OPTICOS LTDA-ME,MICROEMPRESA
40066919000100,70940584,ATIVOS REABILITACAO LTDA,NORMAL
08427279000104,62019139,E V X COMERCIO DE ARTIGOS OPTICOS LTDA,MICROEMPRESA
37441892000176,62907883,MS COMERCIAL LTDA,NORMAL
13258237000542,70670609,NIPAN MASSAS CONGELADAS LTDA - ME,NORMAL
37492561000165,63024144,AURICELIO ROBERTO DE QUEIROZ,NORMAL
13254185000102,60872993,RVR TURISMO E EVENTOS LTDA ME,MICROEMPRESA
30191912000159,67603513,JULYANA DE S HOLANDA MAIA,NORMAL
08198069000183,63692627,D C MATERIAL DE CONSTRUCAO LTDA,EPP
28941256000112,67384218,LRX COM.DE EQUIP.DE COMBATE A INCENDIO E SEGURANÇA LTDA ME,NORMAL
13258237000542,70670609,NIPAN MASSAS CONGELADAS LTDA - ME,NORMAL
13254185000102,60872993,RVR TURISMO E EVENTOS LTDA ME,MICROEMPRESA
39426970000199,62269216,MARINE COMERCIO DE PEIXES E CORAIS LTDA,MICROEMPRESA
30191912000159,67603513,JULYANA DE S HOLANDA MAIA,NORMAL
08198069000183,63692627,D C MATERIAL DE CONSTRUCAO LTDA,EPP
28941256000112,67384218,LRX COM.DE EQUIP.DE COMBATE A INCENDIO E SEGURANÇA LTDA ME,NORMAL
28942796000110,67374360,DEL PASEO OPTIC COMERCIO DE ARTIGOS OPTICOS LTDA-ME,MICROEMPRESA
28859335000189,67372856,"NORDESTE DISTRIBUIDORA DE GLP, AGUA E SERVICOS UNIPESSOAL LTDA",OUTROS
13258237000208,70478554,NIPAN MASSAS CONGELADAS LTDA - ME - EPP,NORMAL
00091966000181,69216509,DOMANI INTERMEDIACOES LTDA,EPP
13258237000208,70478554,NIPAN MASSAS CONGELADAS LTDA - ME - EPP,NORMAL
00091966000181,69216509,DOMANI INTERMEDIACOES LTDA,EPP
39615700000126,62362402,ANTONIA DAS GRACAS DA SILVA PAIXAO,MICROEMPRESA
42641227000166,70073600,TAPEBA COMERCIO DE ARTIGOS OPTICOS LTDA,MICROEMPRESA
28429030000218,70605424,A L S MENDES MOVEIS,NORMAL
27411348000128,66448999,R J C BANDEIRA,NORMAL
26958105000141,66371724,CSM FUTEBOL CLUBE LTDA,MICROEMPRESA
26909643000146,63060671,M CHAVES OLIVEIRA - ME,OUTROS
12608074000194,71531505,HUDSON MAGALHAES ARAUJO LTDA - ME,NORMAL
37096002000136,62558781,PIZZARIA SANTA MARGHERITA LTDA,NORMAL
28429030000218,70605424,A L S MENDES MOVEIS,NORMAL
27411348000128,66448999,R J C BANDEIRA,NORMAL
39615700000126,62362402,ANTONIA DAS GRACAS DA SILVA PAIXAO,MICROEMPRESA
36410673000167,62381113,J P SILVA COMERCIO DE PRODUTOS FARMACEUTICOS,MICROEMPRESA
26958105000141,66371724,CSM FUTEBOL CLUBE LTDA,MICROEMPRESA
26909643000146,63060671,M CHAVES OLIVEIRA - ME,OUTROS
12608074000194,71531505,HUDSON MAGALHAES ARAUJO LTDA - ME,NORMAL
39452463000120,62330667,COMERCIO COLCHOES DOS SONHOS LTDA,MICROEMPRESA
26092596000190,65420993,JOSE LUCAS DE S GOMES,EPP
24937274000170,65000870,JC MOTA DO AMARAL OFICINA DE MOTOS LTDA,NORMAL
37119017000172,71131353,C VIEIRA MAGAZINE LTDA,MICROEMPRESA
20743516000133,63534398,HOLANDA MAIA COMERCIO DE MEDICAMENTOS LTDA,NORMAL
26909643000146,63060671,M CHAVES OLIVEIRA - ME,OUTROS
12608074000194,71531505,HUDSON MAGALHAES ARAUJO LTDA - ME,NORMAL
40018474000185,61263001,FILE PRIME RESTAURANTE LTDA,NORMAL
39615700000126,62362402,ANTONIA DAS GRACAS DA SILVA PAIXAO,MICROEMPRESA
26092596000190,65420993,JOSE LUCAS DE S GOMES,EPP
24937274000170,65000870,JC MOTA DO AMARAL OFICINA DE MOTOS LTDA,NORMAL
02174437000177,69954275,PLANETA FERROVIA COMÉRCIO DE PRODUTOS OPTICOS LTDA EPP,EPP
24736676000106,67563694,JULIANA DE FREITAS CASTRO RABELO ATIVIDADES DE ESTETICA,MICROEMPRESA
26092596000190,65420993,JOSE LUCAS DE S GOMES,EPP
24937274000170,65000870,JC MOTA DO AMARAL OFICINA DE MOTOS LTDA,NORMAL
02174437000177,69954275,PLANETA FERROVIA COMÉRCIO DE PRODUTOS OPTICOS LTDA EPP,EPP
40696822000173,70350388,C R DE CARVALHO FERREIRA ENTRETENIMENTO LTDA,NORMAL
41393030000192,61268119,EMPACOTADORA DE ALIMENTOS VO MANNY LTDA,NORMAL
39426970000199,62269216,MARINE COMERCIO DE PEIXES E CORAIS LTDA,MICROEMPRESA
24736676000106,67563694,JULIANA DE FREITAS CASTRO RABELO ATIVIDADES DE ESTETICA,MICROEMPRESA
24689061000176,64980243,J C DA S MESQUITA COMPUTADORES ME,MICROEMPRESA
24111139000332,70957770,JAS SAMPAIO COMERCIAL DE ALIMENTOS LTDA,NORMAL
03354371000160,71169105,FLORENCA PRO BRAZIL HAIR LTDA - ME,MICROEMPRESA
24111139000332,70957770,JAS SAMPAIO COMERCIAL DE ALIMENTOS LTDA,NORMAL
03354371000160,71169105,FLORENCA PRO BRAZIL HAIR LTDA - ME,MICROEMPRESA
42641227000166,70073600,TAPEBA COMERCIO DE ARTIGOS OPTICOS LTDA,MICROEMPRESA
43148601000159,70107130,MOVELARIA CANTO DOS MOVEIS LTDA,MICROEMPRESA
23996720000154,64836096,EUSEBIO VISION COMERCIO DE ARTIGOS OPTICOS LTDA ME,MICROEMPRESA
40696822000173,70350388,C R DE CARVALHO FERREIRA ENTRETENIMENTO LTDA,NORMAL
11618173000356,66066301,RMG-CE COMERCIO DE CALCADOS LTDA,NORMAL
03175564000153,62811002,F J MELO MATERIAL DE CONSTRUCAO LTDA,NORMAL
23343540000254,64716899,BRN COMERCIO DE CALCADOS LTDA,NORMAL
03175564000234,72733063,F J MELO MATERIAL DE CONSTRUCAO LTDA,NORMAL
23996720000154,64836096,EUSEBIO VISION COMERCIO DE ARTIGOS OPTICOS LTDA ME,MICROEMPRESA
41550666000443,72765470,MA DE ALMEIDA COMERCIO DE ALIMENTOS IDEAL LTDA,NORMAL
11618173000356,66066301,RMG-CE COMERCIO DE CALCADOS LTDA,NORMAL
55844842000111,72038993,DELICADA JOJU MODAS e CIA LTDA,MICROEMPRESA
03175564000153,62811002,F J MELO MATERIAL DE CONSTRUCAO LTDA,NORMAL
23343540000254,64716899,BRN COMERCIO DE CALCADOS LTDA,NORMAL
03175564000234,72733063,F J MELO MATERIAL DE CONSTRUCAO LTDA,NORMAL
00057733000162,61787507,M B GUIMARAES NETO & CIA LTDA,NORMAL
22572164000126,64666115,JOSE ADRISIO GOMES FERREIRA,NORMAL
11075280000113,61907332,FRANCISCO XAVIER NETO ME,NORMAL
42641227000166,70073600,TAPEBA COMERCIO DE ARTIGOS OPTICOS LTDA,MICROEMPRESA
22479806000147,64510816,AH DE FREITAS COSTA ME,MICROEMPRESA
22176494000100,70094713,DELICADA JOJU LTDA,MICROEMPRESA
43156446000112,70108730,DAVI SOUSA QUEIROZ,MICROEMPRESA
42299117000168,70033480,"NORDESTE DISTRIBUIDORA DE GLP, AGUA , MATERIAIS ELETRICOS E",NORMAL
42897746000190,70064156,OCULART ELLO OTICAS LTDA - ME,OUTROS
21977156000105,64431100,EXTINFOGO COMERCIO E MANUTENCAO DE MATERIAIS CONTRA INCENDIO,MICROEMPRESA
07302128000159,68381263,FARMACIA SAMPAIO LTDA,MICROEMPRESA
43148601000159,70107130,MOVELARIA CANTO DOS MOVEIS LTDA,MICROEMPRESA
44154900000169,70280843,B Z METAIS COMERCIO E SERVICOS DE RECICLAGEM LTDA,NORMAL
07302128000159,68381263,FARMACIA SAMPAIO LTDA,MICROEMPRESA
44195954000172,70296995,"JAV AMBIENTACOES, FABRICACAO E COMERCIO LTDA",EPP
45095779000104,70434492,TOSHIBA GOURMET RESTAURANTE LTDA,MICROEMPRESA
49460551000127,71138188,BEBIDAS PEDIU CHEGOU LTDA,MICROEMPRESA
41550666000362,70801126,MA DE ALMEIDA COMERCIO DE ALIMENTOS IDEAL LTDA,NORMAL
21729800000118,64370569,COMERCIAL DE MEDICAMENTOS NOVO MARACANAU LTDA ME,NORMAL
21687680000133,64432564,MERCADINHO NAIARA XIMENES COMERCIAL LTDA,MICROEMPRESA
41230607000145,70582319,COMERCIAL LOARI DE COSMETICOS LTDA,MICROEMPRESA
41119997000180,61797910,CARIOCA INFOCELL LTDA,MICROEMPRESA
21271872000164,64160246,R M COMERCIO DE ARTIGOS OPTICOS LTDA ME,EPP
10793168000155,64073351,ABC DOS EXTINTORES COMÉRCIO E MANUTENÇÃO DE MATERIAIS CONTRA,MICROEMPRESA
20934644000164,63547627,RIO MAR VISION COMÉRCIO DE ARTIGOS OPTICOS LTDA.- ME,OUTROS
10712266000200,65080378,E & E COMERCIO DE ARTIGOS OPTICOS LTDA,MICROEMPRESA
10460692000104,63709899,M S COMERCIO DE ARTIGOS OPTICOS LTDA ME,EPP
38462358000109,61745375,CARLOS H. M. SOUSA,MICROEMPRESA
20934708000127,64288196,ARVOREDO VISION COMÉRCIO DE ARTIGOS ÓPTICOS LTDA. - ME,MICROEMPRESA
37865881000113,61257397,ECONOR ENERGIAS RENOVAVEIS LTDA,MICROEMPRESA
37823312000105,61206466,O F BRASIL NETO ARTESANAIS LTDA,MICROEMPRESA
37619014000106,63121476,MR GREGO COMERCIO DE ALIMENTOS LTDA,MICROEMPRESA
37492561000246,70073350,AURICELIO ROBERTO DE QUEIROZ,NORMAL
20948719000166,63704200,COMERCIAL ACAIZINHO LTDA ME,MICROEMPRESA
10418062000171,63293145,TA BONITO DISTRIBUIDORA DE FEIJAO VERDE LTDA,OUTROS
06538544000198,66943221,JIMMY CARLOS N DE SOUSA ME,EPP
37404301000190,62815148,ReM FABRICACAO E COMERCIO DE COOKIES LTDA,MICROEMPRESA
36884241000198,62506986,J A DE SOUSA FILHO SERVICOS AUTOMOTIVOS,MICROEMPRESA
09541349000105,63669889,A.S. BESERRA COMERCIO DE ARTIGOS ÓPTICOS LTDA EPP,EPP
36433585000261,70446938,JAPKMATOS PRODUTOS FARMACEUTICOS LTDA - ME,NORMAL
36377629000283,72843896,LOJA DOS DESCONTOS LTDA,MICROEMPRESA
09237792000197,63568799,COMERCIAL DE MEDICAMENTO ITAPERY LTDA,MICROEMPRESA
36091648000168,61751260,JORGE LUIZ DO NASCIMENTO LIMA JUNIOR,MICROEMPRESA
36027577000134,62163280,G F SILVA CUNHA - ME,OUTROS
35725483000176,61188646,LP OLIVEIRA BRILHANTE PERFUMARIA LTDA - ME,MICROEMPRESA
17608115000409,72451670,COMERCIAL PRAIA E MAR LTDA,NORMAL
35216491000197,62890727,A F COMERCIO DE PRODUTOS FARMACEUTICOS LTDA,MICROEMPRESA
35047979000138,62849441,CCCB SERVICOS LTDA,OUTROS
34292467000255,70689237,VILA ACAI BM LTDA,MICROEMPRESA
34292467000174,69910626,VILA ACAI BM LTDA,MICROEMPRESA
33819548000117,69484929,CAMILA DOCE IDEIA LTDA,MICROEMPRESA
17305484000180,66251443,C E J MODA PRAIA LTDA,MICROEMPRESA
16981259000109,66182379,FINOCELL MARA LTDA,MICROEMPRESA
08994871000180,63658887,BESERRA & SILVA COMERCIO DE OCULOS LTDA,EPP
08942827000207,62111329,"SWIIMS PRAIA E PISCINA, INDUSTRIA E COMERCIO DE CONFECCOES L",MICROEMPRESA
01855109000173,71925945,MARIA GONCALVES DA SILVA MACIEIRA - ME,MICROEMPRESA
16610437000187,66135567,CAUCAIAVISION COMERCIO DE ARTIGOS OPTICOS LTDA. - ME,MICROEMPRESA
33327582000174,69346739,AHAZZI ACESSORIOS E BIJUTERIAS LTDA,MICROEMPRESA
16563693000160,66105277,TIANGUA COMERCIO E MANUTENCAO DE MATERIAIS CONTRA INCENDIOS,MICROEMPRESA
32836396000106,69286043,"A SILVA LOCACAO, SERVICOS E COMERCIO DE PECAS MOTOCICLETAS L",MICROEMPRESA
32516570000125,67971040,SILVIA HELENA DE CASTRO SOARES SIQUEIRA 02752866305,MEI
15024264000152,65929217,ITALO J B BARROS,MICROEMPRESA
32486238000165,67964524,32.486.238 ANA CAROLINA GONCALVES BARROS,MEI
32202914000121,67914357,KRONUS VARIEDADES LTDA,MICROEMPRESA
32176867000199,67911218,FINOCELL COMERCIO DE ELETRONICOS IMPORTADOS LTDA,OUTROS
32176649000154,67911153,K M QUEIROZ FORTALESA COSMETICOS,NORMAL
32081521000107,69682992,INDUSTRIA DE AGUA BOM JESUS LTDA,NORMAL
14140817000170,65722914,C GOMES DA SILVA MOVEIS,MICROEMPRESA
08942827000126,62109421,SWIIMS PRAIA E PISCINA IND E COM DE CONFECCOES LTDA,MICROEMPRESA
31503175000145,67801536,FRANCISCO SAMUEL DO NASCIMENTO PINTO,MEI
31296366000183,63451387,F M BEVILAQUA ARTE E CULTURA,MICROEMPRESA
31037960000150,67721044,FM REPRESENTACOES E CONSULTORIA LTDA,OUTROS
08266225000104,62026968,F R V COMERCIO DE ARTIGOS OPTICOS LTDA,MICROEMPRESA
31037960000150,67721044,FM REPRESENTACOES E CONSULTORIA LTDA,OUTROS
08266225000104,62026968,F R V COMERCIO DE ARTIGOS OPTICOS LTDA,MICROEMPRESA
49947847000177,71211870,VILA ACAI MP LTDA - ME,MICROEMPRESA
49947842000144,71199101,VILA ACAI IP LTDA - ME,MICROEMPRESA
49867539000131,71278095,P E BRILHANTE RESTAURANTE LTDA - ME,MICROEMPRESA
49818635000190,71188738,IDEAL TRANSPORTADORA LTDA - ME,MICROEMPRESA
29159044000140,67423221,DA TERRA INDUSTRIA DE PRODUTOS OPTICOS LTDA - EPP,EPP
50195904000198,71284044,IANDE PRESTACAO DE SERVICOS DE ENGENHARIA LTDA - ME,MICROEMPRESA
49834766000160,71182462,VILA BRASIL LTDA - ME,MICROEMPRESA
49711846000129,71160825,M. A. SILVA BARBOSA,MICROEMPRESA
50551718000144,71281991,HV ARAUJO DISTRIBUIDORA LTDA - ME,MICROEMPRESA
50581444000136,71299866,NOVA EMPORIO INDT LTDA - ME,NORMAL
49711846000129,71160825,M. A. SILVA BARBOSA,MICROEMPRESA
49385622000174,71119353,ACO ESTRUTURAL LTDA - ME,MICROEMPRESA
49287663000128,71131078,L R CARVALHO E CIA LTDA - EPP,EPP
48990719000143,71132155,LUIS C DO NASCIMENTO SERVICOS EM MOVEIS,MICROEMPRESA
48964174000109,71039333,A C PRODUTOS DE LIMPEZA E DESCARTAVEIS LTDA,NORMAL
28775766000167,66946590,CDI PRODUTOS FARMACEUTICOS LTDA,MICROEMPRESA
08242533000191,64833950,REALIZA CONSTRUCOES E SERVICOS LTDA,MICROEMPRESA
05132687000132,66674875,P E BRILHANTE DE MENEZES ME,OUTROS
48990719000143,71132155,LUIS C DO NASCIMENTO SERVICOS EM MOVEIS,MICROEMPRESA
48964174000109,71039333,A C PRODUTOS DE LIMPEZA E DESCARTAVEIS LTDA,NORMAL
28775766000167,66946590,CDI PRODUTOS FARMACEUTICOS LTDA,MICROEMPRESA
08242533000191,64833950,REALIZA CONSTRUCOES E SERVICOS LTDA,MICROEMPRESA
05132687000132,66674875,P E BRILHANTE DE MENEZES ME,OUTROS
48929267000194,72704705,CEARA GOURMET SERVICOS DE ALIMENTACAO LTDA,MICROEMPRESA
48818415000101,71021396,VB MOTOS PECAS SERVICOS E ACESSORIOS LTDA - ME,MICROEMPRESA
12981026000228,61682918,MERCANTIL SUPER CUMBUCO LTDA,NORMAL
48465634000146,70971650,CARIOCA VARIEDADES LTDA - ME,MICROEMPRESA
48198686000101,71519416,C M COMERCIO E VESTUARIO LTDA,NORMAL
48818415000101,71021396,VB MOTOS PECAS SERVICOS E ACESSORIOS LTDA - ME,MICROEMPRESA
12981026000228,61682918,MERCANTIL SUPER CUMBUCO LTDA,NORMAL
48465634000146,70971650,CARIOCA VARIEDADES LTDA - ME,MICROEMPRESA
51899757000108,71696199,RAIMUNDA RAULINO DO NASCIMENTO SILVA BEBIDAS E MERCEARIA,MICROEMPRESA
48198686000101,71519416,C M COMERCIO E VESTUARIO LTDA,NORMAL
27040637000168,66425492,VILA ACAI LTDA ME,MICROEMPRESA
47821584000120,70928487,COMANFY INDOOR CLUBE DE TIRO LTDA - ME,MICROEMPRESA
27040637000249,73111619,VILA ACAI LTDA ME,MICROEMPRESA
07873084000460,66114080,A L B COMERCIO DE CALCADOS LTDA,EPP
47625782000118,70837244,MARIA FIFI PUB LTDA - ME,OUTROS
47821584000120,70928487,COMANFY INDOOR CLUBE DE TIRO LTDA - ME,MICROEMPRESA
27040637000249,73111619,VILA ACAI LTDA ME,MICROEMPRESA
07873084000460,66114080,A L B COMERCIO DE CALCADOS LTDA,EPP
47625782000118,70837244,MARIA FIFI PUB LTDA - ME,OUTROS
47497381000120,70797366,M E DE SOUSA SERVICOS DE CONSULTORIA,OUTROS
47241407000174,70771863,DROGARIA FARMA CEZAR LTDA,MICROEMPRESA
26628707000130,72806893,ENGMAN SERVICOS DE ENGENHARIA E MANUTENCAO LTDA,OUTROS
07873084000389,65786459,A L B COMERCIO DE CALCADOS LTDA,EPP
47241407000255,72116153,DROGARIA FARMA CEZAR LTDA,MICROEMPRESA
26321825000100,65456548,CS EMBALAGENS LTDA,MICROEMPRESA
26628707000130,72806893,ENGMAN SERVICOS DE ENGENHARIA E MANUTENCAO LTDA,OUTROS
07873084000389,65786459,A L B COMERCIO DE CALCADOS LTDA,EPP
47241407000255,72116153,DROGARIA FARMA CEZAR LTDA,MICROEMPRESA
26321825000100,65456548,CS EMBALAGENS LTDA,MICROEMPRESA
46992078000130,70742723,ILUMI ON ENERGIA LTDA - ME,MICROEMPRESA
55119012000121,71905502,GELADAO PERIMETRAL LTDA,MICROEMPRESA
12346125000157,64082490,MADEARTS MDF LTDA,MICROEMPRESA
46275942000183,70611246,K J MARQUES BESERRA PADARIA - ME,MICROEMPRESA
45413982000181,70477280,A K G MORAES LTDA - ME,EPP
24736676000297,72806915,JULIANA DE FREITAS CASTRO RABELO ATIVIDADES DE ESTETICA,MICROEMPRESA
46992078000130,70742723,ILUMI ON ENERGIA LTDA - ME,MICROEMPRESA
12346125000157,64082490,MADEARTS MDF LTDA,MICROEMPRESA
46275942000183,70611246,K J MARQUES BESERRA PADARIA - ME,MICROEMPRESA
45413982000181,70477280,A K G MORAES LTDA - ME,EPP
24736676000297,72806915,JULIANA DE FREITAS CASTRO RABELO ATIVIDADES DE ESTETICA,MICROEMPRESA
56525525000103,72084928,REVAYAH COMERCIO DE PRODUTOS E BEBIDAS LTDA,MICROEMPRESA
11805777000140,60348526,INBRASOL INDUSTRIA DE PRODUTOS OPTICOS LTDA - EPP,EPP
56991842000107,72121505,GN SUBLIMAIS INDUSTRIA e COMERCIO DE CONFECCOES LTDA,MICROEMPRESA
45283110000146,70457409,ANNA B. H. CHAVES,MICROEMPRESA
44520218000142,70346518,ANTONIO MAURO DE SOUZA UCHOA LTDA,MICROEMPRESA
24736676000297,72806915,JULIANA DE FREITAS CASTRO RABELO ATIVIDADES DE ESTETICA,MICROEMPRESA
11805777000140,60348526,INBRASOL INDUSTRIA DE PRODUTOS OPTICOS LTDA - EPP,EPP
45283110000146,70457409,ANNA B. H. CHAVES,MICROEMPRESA
44520218000142,70346518,ANTONIO MAURO DE SOUZA UCHOA LTDA,MICROEMPRESA
07873084000117,61919462,A L B COMERCIO DE CALCADOS LTDA,EPP
07516056000142,61834092,FRANCISCO DAS CHAGAS DE ALMEIDA BARROSO,EPP
44443813000121,70324140,HEVA ELETRONICA LTDA,MICROEMPRESA
44222302000180,70290130,G M M NOGUEIRA COMERCIO VAREJISTA DE MATERIAIS DE CONSTRUCAO,MICROEMPRESA
43564705000144,71289640,JOSE NILSON MAIA JUNIOR,MICROEMPRESA
23549213000172,64727254,M E NOBRE DE LIMA BRILHANTE ME,NORMAL
44520218000142,70346518,ANTONIO MAURO DE SOUZA UCHOA LTDA,MICROEMPRESA
59311702000139,72458712,VELCOST INDUSTRIA DE FITAS E AVIAMENTOS LTDA,MICROEMPRESA
07873084000117,61919462,A L B COMERCIO DE CALCADOS LTDA,EPP
07516056000142,61834092,FRANCISCO DAS CHAGAS DE ALMEIDA BARROSO,EPP
44443813000121,70324140,HEVA ELETRONICA LTDA,MICROEMPRESA
44222302000180,70290130,G M M NOGUEIRA COMERCIO VAREJISTA DE MATERIAIS DE CONSTRUCAO,MICROEMPRESA
43564705000144,71289640,JOSE NILSON MAIA JUNIOR,MICROEMPRESA
60170181000126,72511257,AR MERCADINHO LTDA,MICROEMPRESA
23549213000172,64727254,M E NOBRE DE LIMA BRILHANTE ME,NORMAL
11192199000113,63913950,FABRICIO RODRIGUES ALVES,MICROEMPRESA
44443813000121,70324140,HEVA ELETRONICA LTDA,MICROEMPRESA
44222302000180,70290130,G M M NOGUEIRA COMERCIO VAREJISTA DE MATERIAIS DE CONSTRUCAO,MICROEMPRESA
43564705000144,71289640,JOSE NILSON MAIA JUNIOR,MICROEMPRESA
23549213000172,64727254,M E NOBRE DE LIMA BRILHANTE ME,NORMAL
11192199000113,63913950,FABRICIO RODRIGUES ALVES,MICROEMPRESA
60696867000155,72579390,2E ECOM COMERCIO DE ROUPAS LTDA,MICROEMPRESA
42781752000187,70152713,INARIO INDUSTRIA E COMERCIO DE PERSIANAS E CORTINAS LTDA,MICROEMPRESA
42639165000239,71238581,F M DA SILVA HOLANDA COMERCIO DE PRODUTOS FARMACEUTICOS - EP,NORMAL
22627192000101,64569748,BARAO VISION COMERCIO DE ARTIGOS OPTICOS LTDA ME,MICROEMPRESA
42521899000138,71945296,SOPA CASEIRINHA LTDA,MICROEMPRESA
11192199000113,63913950,FABRICIO RODRIGUES ALVES,MICROEMPRESA
42781752000187,70152713,INARIO INDUSTRIA E COMERCIO DE PERSIANAS E CORTINAS LTDA,MICROEMPRESA
42639165000239,71238581,F M DA SILVA HOLANDA COMERCIO DE PRODUTOS FARMACEUTICOS - EP,NORMAL
22627192000101,64569748,BARAO VISION COMERCIO DE ARTIGOS OPTICOS LTDA ME,MICROEMPRESA
42521899000138,71945296,SOPA CASEIRINHA LTDA,MICROEMPRESA
41625743000215,70994536,M DE J A DOS SANTOS LTDA,NORMAL
41546940000168,61744964,ALEXIA KESIA DE LEMOS SILVA - ME,MICROEMPRESA
62387045000118,72803533,DI OTTICA INDUSTRIA E COMERCIO DE PRODUTOS OPTICOS LTDA,MICROEMPRESA
21961710000158,66380944,COLEGIO SONHO MEU LTDA,OUTROS
10863681000175,64123910,O C M MACHADO NETO LTDA,MICROEMPRESA
42639165000239,71238581,F M DA SILVA HOLANDA COMERCIO DE PRODUTOS FARMACEUTICOS - EP,NORMAL
22627192000101,64569748,BARAO VISION COMERCIO DE ARTIGOS OPTICOS LTDA ME,MICROEMPRESA
42521899000138,71945296,SOPA CASEIRINHA LTDA,MICROEMPRESA
41625743000215,70994536,M DE J A DOS SANTOS LTDA,NORMAL
41546940000168,61744964,ALEXIA KESIA DE LEMOS SILVA - ME,MICROEMPRESA
21961710000158,66380944,COLEGIO SONHO MEU LTDA,OUTROS
10863681000175,64123910,O C M MACHADO NETO LTDA,MICROEMPRESA
07373712000103,61802590,S N K COMERCIO DE ARTIGOS OPTICOS LTDA ME,MICROEMPRESA
07373712000286,67433855,S N K COMERCIO DE ARTIGOS OPTICOS LTDA ME,MICROEMPRESA
02174437000410,63053136,PLANETA FERROVIA COMÉRCIO DE PRODUTOS OPTICOS LTDA EPP,EPP
42639165000239,71238581,F M DA SILVA HOLANDA COMERCIO DE PRODUTOS FARMACEUTICOS - EP,NORMAL
22627192000101,64569748,BARAO VISION COMERCIO DE ARTIGOS OPTICOS LTDA ME,MICROEMPRESA
42521899000138,71945296,SOPA CASEIRINHA LTDA,MICROEMPRESA
41625743000215,70994536,M DE J A DOS SANTOS LTDA,NORMAL
41546940000168,61744964,ALEXIA KESIA DE LEMOS SILVA - ME,MICROEMPRESA
21961710000158,66380944,COLEGIO SONHO MEU LTDA,OUTROS
10863681000175,64123910,O C M MACHADO NETO LTDA,MICROEMPRESA
07373712000103,61802590,S N K COMERCIO DE ARTIGOS OPTICOS LTDA ME,MICROEMPRESA
07373712000286,67433855,S N K COMERCIO DE ARTIGOS OPTICOS LTDA ME,MICROEMPRESA
02174437000410,63053136,PLANETA FERROVIA COMÉRCIO DE PRODUTOS OPTICOS LTDA EPP,EPP
42639165000239,71238581,F M DA SILVA HOLANDA COMERCIO DE PRODUTOS FARMACEUTICOS - EP,NORMAL
22627192000101,64569748,BARAO VISION COMERCIO DE ARTIGOS OPTICOS LTDA ME,MICROEMPRESA
42521899000138,71945296,SOPA CASEIRINHA LTDA,MICROEMPRESA
41625743000215,70994536,M DE J A DOS SANTOS LTDA,NORMAL
41546940000168,61744964,ALEXIA KESIA DE LEMOS SILVA - ME,MICROEMPRESA
21961710000158,66380944,COLEGIO SONHO MEU LTDA,OUTROS
10863681000175,64123910,O C M MACHADO NETO LTDA,MICROEMPRESA
07373712000103,61802590,S N K COMERCIO DE ARTIGOS OPTICOS LTDA ME,MICROEMPRESA
07373712000286,67433855,S N K COMERCIO DE ARTIGOS OPTICOS LTDA ME,MICROEMPRESA
02174437000410,63053136,PLANETA FERROVIA COMÉRCIO DE PRODUTOS OPTICOS LTDA EPP,EPP
42639165000239,71238581,F M DA SILVA HOLANDA COMERCIO DE PRODUTOS FARMACEUTICOS - EP,NORMAL
22627192000101,64569748,BARAO VISION COMERCIO DE ARTIGOS OPTICOS LTDA ME,MICROEMPRESA
42521899000138,71945296,SOPA CASEIRINHA LTDA,MICROEMPRESA
41625743000215,70994536,M DE J A DOS SANTOS LTDA,NORMAL
41546940000168,61744964,ALEXIA KESIA DE LEMOS SILVA - ME,MICROEMPRESA
21961710000158,66380944,COLEGIO SONHO MEU LTDA,OUTROS
10863681000175,64123910,O C M MACHADO NETO LTDA,MICROEMPRESA
07373712000103,61802590,S N K COMERCIO DE ARTIGOS OPTICOS LTDA ME,MICROEMPRESA
07373712000286,67433855,S N K COMERCIO DE ARTIGOS OPTICOS LTDA ME,MICROEMPRESA
02174437000410,63053136,PLANETA FERROVIA COMÉRCIO DE PRODUTOS OPTICOS LTDA EPP,EPP
42639165000239,71238581,F M DA SILVA HOLANDA COMERCIO DE PRODUTOS FARMACEUTICOS - EP,NORMAL
22627192000101,64569748,BARAO VISION COMERCIO DE ARTIGOS OPTICOS LTDA ME,MICROEMPRESA
42521899000138,71945296,SOPA CASEIRINHA LTDA,MICROEMPRESA
41625743000215,70994536,M DE J A DOS SANTOS LTDA,NORMAL
41546940000168,61744964,ALEXIA KESIA DE LEMOS SILVA - ME,MICROEMPRESA
21961710000158,66380944,COLEGIO SONHO MEU LTDA,OUTROS
10863681000175,64123910,O C M MACHADO NETO LTDA,MICROEMPRESA
07373712000103,61802590,S N K COMERCIO DE ARTIGOS OPTICOS LTDA ME,MICROEMPRESA
07373712000286,67433855,S N K COMERCIO DE ARTIGOS OPTICOS LTDA ME,MICROEMPRESA
02174437000410,63053136,PLANETA FERROVIA COMÉRCIO DE PRODUTOS OPTICOS LTDA EPP,EPP
42639165000239,71238581,F M DA SILVA HOLANDA COMERCIO DE PRODUTOS FARMACEUTICOS - EP,NORMAL
22627192000101,64569748,BARAO VISION COMERCIO DE ARTIGOS OPTICOS LTDA ME,MICROEMPRESA
42521899000138,71945296,SOPA CASEIRINHA LTDA,MICROEMPRESA
41625743000215,70994536,M DE J A DOS SANTOS LTDA,NORMAL
41546940000168,61744964,ALEXIA KESIA DE LEMOS SILVA - ME,MICROEMPRESA
21961710000158,66380944,COLEGIO SONHO MEU LTDA,OUTROS
10863681000175,64123910,O C M MACHADO NETO LTDA,MICROEMPRESA
07373712000103,61802590,S N K COMERCIO DE ARTIGOS OPTICOS LTDA ME,MICROEMPRESA
07373712000286,67433855,S N K COMERCIO DE ARTIGOS OPTICOS LTDA ME,MICROEMPRESA
02174437000410,63053136,PLANETA FERROVIA COMÉRCIO DE PRODUTOS OPTICOS LTDA EPP,EPP
42639165000239,71238581,F M DA SILVA HOLANDA COMERCIO DE PRODUTOS FARMACEUTICOS - EP,NORMAL
22627192000101,64569748,BARAO VISION COMERCIO DE ARTIGOS OPTICOS LTDA ME,MICROEMPRESA
42521899000138,71945296,SOPA CASEIRINHA LTDA,MICROEMPRESA
41625743000215,70994536,M DE J A DOS SANTOS LTDA,NORMAL
41546940000168,61744964,ALEXIA KESIA DE LEMOS SILVA - ME,MICROEMPRESA
21961710000158,66380944,COLEGIO SONHO MEU LTDA,OUTROS
10863681000175,64123910,O C M MACHADO NETO LTDA,MICROEMPRESA
07373712000103,61802590,S N K COMERCIO DE ARTIGOS OPTICOS LTDA ME,MICROEMPRESA
07373712000286,67433855,S N K COMERCIO DE ARTIGOS OPTICOS LTDA ME,MICROEMPRESA
02174437000410,63053136,PLANETA FERROVIA COMÉRCIO DE PRODUTOS OPTICOS LTDA EPP,EPP
42639165000239,71238581,F M DA SILVA HOLANDA COMERCIO DE PRODUTOS FARMACEUTICOS - EP,NORMAL
22627192000101,64569748,BARAO VISION COMERCIO DE ARTIGOS OPTICOS LTDA ME,MICROEMPRESA
42521899000138,71945296,SOPA CASEIRINHA LTDA,MICROEMPRESA
41625743000215,70994536,M DE J A DOS SANTOS LTDA,NORMAL
41546940000168,61744964,ALEXIA KESIA DE LEMOS SILVA - ME,MICROEMPRESA
21961710000158,66380944,COLEGIO SONHO MEU LTDA,OUTROS
10863681000175,64123910,O C M MACHADO NETO LTDA,MICROEMPRESA
07373712000103,61802590,S N K COMERCIO DE ARTIGOS OPTICOS LTDA ME,MICROEMPRESA
07373712000286,67433855,S N K COMERCIO DE ARTIGOS OPTICOS LTDA ME,MICROEMPRESA
02174437000410,63053136,PLANETA FERROVIA COMÉRCIO DE PRODUTOS OPTICOS LTDA EPP,EPP
42639165000239,71238581,F M DA SILVA HOLANDA COMERCIO DE PRODUTOS FARMACEUTICOS - EP,NORMAL
22627192000101,64569748,BARAO VISION COMERCIO DE ARTIGOS OPTICOS LTDA ME,MICROEMPRESA
42521899000138,71945296,SOPA CASEIRINHA LTDA,MICROEMPRESA
41625743000215,70994536,M DE J A DOS SANTOS LTDA,NORMAL
41546940000168,61744964,ALEXIA KESIA DE LEMOS SILVA - ME,MICROEMPRESA
21961710000158,66380944,COLEGIO SONHO MEU LTDA,OUTROS
10863681000175,64123910,O C M MACHADO NETO LTDA,MICROEMPRESA
07373712000103,61802590,S N K COMERCIO DE ARTIGOS OPTICOS LTDA ME,MICROEMPRESA
07373712000286,67433855,S N K COMERCIO DE ARTIGOS OPTICOS LTDA ME,MICROEMPRESA
02174437000410,63053136,PLANETA FERROVIA COMÉRCIO DE PRODUTOS OPTICOS LTDA EPP,EPP
42639165000239,71238581,F M DA SILVA HOLANDA COMERCIO DE PRODUTOS FARMACEUTICOS - EP,NORMAL
22627192000101,64569748,BARAO VISION COMERCIO DE ARTIGOS OPTICOS LTDA ME,MICROEMPRESA
42521899000138,71945296,SOPA CASEIRINHA LTDA,MICROEMPRESA
41625743000215,70994536,M DE J A DOS SANTOS LTDA,NORMAL
41546940000168,61744964,ALEXIA KESIA DE LEMOS SILVA - ME,MICROEMPRESA
21961710000158,66380944,COLEGIO SONHO MEU LTDA,OUTROS
10863681000175,64123910,O C M MACHADO NETO LTDA,MICROEMPRESA
07373712000103,61802590,S N K COMERCIO DE ARTIGOS OPTICOS LTDA ME,MICROEMPRESA
07373712000286,67433855,S N K COMERCIO DE ARTIGOS OPTICOS LTDA ME,MICROEMPRESA
02174437000410,63053136,PLANETA FERROVIA COMÉRCIO DE PRODUTOS OPTICOS LTDA EPP,EPP
42639165000239,71238581,F M DA SILVA HOLANDA COMERCIO DE PRODUTOS FARMACEUTICOS - EP,NORMAL
22627192000101,64569748,BARAO VISION COMERCIO DE ARTIGOS OPTICOS LTDA ME,MICROEMPRESA
42521899000138,71945296,SOPA CASEIRINHA LTDA,MICROEMPRESA
41625743000215,70994536,M DE J A DOS SANTOS LTDA,NORMAL
41546940000168,61744964,ALEXIA KESIA DE LEMOS SILVA - ME,MICROEMPRESA
21961710000158,66380944,COLEGIO SONHO MEU LTDA,OUTROS
10863681000175,64123910,O C M MACHADO NETO LTDA,MICROEMPRESA
07373712000103,61802590,S N K COMERCIO DE ARTIGOS OPTICOS LTDA ME,MICROEMPRESA
07373712000286,67433855,S N K COMERCIO DE ARTIGOS OPTICOS LTDA ME,MICROEMPRESA
02174437000410,63053136,PLANETA FERROVIA COMÉRCIO DE PRODUTOS OPTICOS LTDA EPP,EPP
42639165000239,71238581,F M DA SILVA HOLANDA COMERCIO DE PRODUTOS FARMACEUTICOS - EP,NORMAL
22627192000101,64569748,BARAO VISION COMERCIO DE ARTIGOS OPTICOS LTDA ME,MICROEMPRESA
42521899000138,71945296,SOPA CASEIRINHA LTDA,MICROEMPRESA
41625743000215,70994536,M DE J A DOS SANTOS LTDA,NORMAL
41546940000168,61744964,ALEXIA KESIA DE LEMOS SILVA - ME,MICROEMPRESA
21961710000158,66380944,COLEGIO SONHO MEU LTDA,OUTROS
10863681000175,64123910,O C M MACHADO NETO LTDA,MICROEMPRESA
07373712000103,61802590,S N K COMERCIO DE ARTIGOS OPTICOS LTDA ME,MICROEMPRESA
07373712000286,67433855,S N K COMERCIO DE ARTIGOS OPTICOS LTDA ME,MICROEMPRESA
02174437000410,63053136,PLANETA FERROVIA COMÉRCIO DE PRODUTOS OPTICOS LTDA EPP,EPP
42639165000239,71238581,F M DA SILVA HOLANDA COMERCIO DE PRODUTOS FARMACEUTICOS - EP,NORMAL
22627192000101,64569748,BARAO VISION COMERCIO DE ARTIGOS OPTICOS LTDA ME,MICROEMPRESA
42521899000138,71945296,SOPA CASEIRINHA LTDA,MICROEMPRESA
41625743000215,70994536,M DE J A DOS SANTOS LTDA,NORMAL
41546940000168,61744964,ALEXIA KESIA DE LEMOS SILVA - ME,MICROEMPRESA
21961710000158,66380944,COLEGIO SONHO MEU LTDA,OUTROS
10863681000175,64123910,O C M MACHADO NETO LTDA,MICROEMPRESA
07373712000103,61802590,S N K COMERCIO DE ARTIGOS OPTICOS LTDA ME,MICROEMPRESA
07373712000286,67433855,S N K COMERCIO DE ARTIGOS OPTICOS LTDA ME,MICROEMPRESA
02174437000410,63053136,PLANETA FERROVIA COMÉRCIO DE PRODUTOS OPTICOS LTDA EPP,EPP
42639165000239,71238581,F M DA SILVA HOLANDA COMERCIO DE PRODUTOS FARMACEUTICOS - EP,NORMAL
22627192000101,64569748,BARAO VISION COMERCIO DE ARTIGOS OPTICOS LTDA ME,MICROEMPRESA
42521899000138,71945296,SOPA CASEIRINHA LTDA,MICROEMPRESA
41625743000215,70994536,M DE J A DOS SANTOS LTDA,NORMAL
41546940000168,61744964,ALEXIA KESIA DE LEMOS SILVA - ME,MICROEMPRESA
21961710000158,66380944,COLEGIO SONHO MEU LTDA,OUTROS
10863681000175,64123910,O C M MACHADO NETO LTDA,MICROEMPRESA
07373712000103,61802590,S N K COMERCIO DE ARTIGOS OPTICOS LTDA ME,MICROEMPRESA
07373712000286,67433855,S N K COMERCIO DE ARTIGOS OPTICOS LTDA ME,MICROEMPRESA
02174437000410,63053136,PLANETA FERROVIA COMÉRCIO DE PRODUTOS OPTICOS LTDA EPP,EPP
42639165000239,71238581,F M DA SILVA HOLANDA COMERCIO DE PRODUTOS FARMACEUTICOS - EP,NORMAL
22627192000101,64569748,BARAO VISION COMERCIO DE ARTIGOS OPTICOS LTDA ME,MICROEMPRESA
42521899000138,71945296,SOPA CASEIRINHA LTDA,MICROEMPRESA
41625743000215,70994536,M DE J A DOS SANTOS LTDA,NORMAL
41546940000168,61744964,ALEXIA KESIA DE LEMOS SILVA - ME,MICROEMPRESA
21961710000158,66380944,COLEGIO SONHO MEU LTDA,OUTROS
10863681000175,64123910,O C M MACHADO NETO LTDA,MICROEMPRESA
07373712000103,61802590,S N K COMERCIO DE ARTIGOS OPTICOS LTDA ME,MICROEMPRESA
07373712000286,67433855,S N K COMERCIO DE ARTIGOS OPTICOS LTDA ME,MICROEMPRESA
02174437000410,63053136,PLANETA FERROVIA COMÉRCIO DE PRODUTOS OPTICOS LTDA EPP,EPP
42639165000239,71238581,F M DA SILVA HOLANDA COMERCIO DE PRODUTOS FARMACEUTICOS - EP,NORMAL
22627192000101,64569748,BARAO VISION COMERCIO DE ARTIGOS OPTICOS LTDA ME,MICROEMPRESA
42521899000138,71945296,SOPA CASEIRINHA LTDA,MICROEMPRESA
41625743000215,70994536,M DE J A DOS SANTOS LTDA,NORMAL
41546940000168,61744964,ALEXIA KESIA DE LEMOS SILVA - ME,MICROEMPRESA
21961710000158,66380944,COLEGIO SONHO MEU LTDA,OUTROS
10863681000175,64123910,O C M MACHADO NETO LTDA,MICROEMPRESA
07373712000103,61802590,S N K COMERCIO DE ARTIGOS OPTICOS LTDA ME,MICROEMPRESA
07373712000286,67433855,S N K COMERCIO DE ARTIGOS OPTICOS LTDA ME,MICROEMPRESA
02174437000410,63053136,PLANETA FERROVIA COMÉRCIO DE PRODUTOS OPTICOS LTDA EPP,EPP
42639165000239,71238581,F M DA SILVA HOLANDA COMERCIO DE PRODUTOS FARMACEUTICOS - EP,NORMAL
22627192000101,64569748,BARAO VISION COMERCIO DE ARTIGOS OPTICOS LTDA ME,MICROEMPRESA
42521899000138,71945296,SOPA CASEIRINHA LTDA,MICROEMPRESA
41625743000215,70994536,M DE J A DOS SANTOS LTDA,NORMAL
41546940000168,61744964,ALEXIA KESIA DE LEMOS SILVA - ME,MICROEMPRESA
21961710000158,66380944,COLEGIO SONHO MEU LTDA,OUTROS
10863681000175,64123910,O C M MACHADO NETO LTDA,MICROEMPRESA
07373712000103,61802590,S N K COMERCIO DE ARTIGOS OPTICOS LTDA ME,MICROEMPRESA
07373712000286,67433855,S N K COMERCIO DE ARTIGOS OPTICOS LTDA ME,MICROEMPRESA
02174437000410,63053136,PLANETA FERROVIA COMÉRCIO DE PRODUTOS OPTICOS LTDA EPP,EPP
42639165000239,71238581,F M DA SILVA HOLANDA COMERCIO DE PRODUTOS FARMACEUTICOS - EP,NORMAL
22627192000101,64569748,BARAO VISION COMERCIO DE ARTIGOS OPTICOS LTDA ME,MICROEMPRESA
42521899000138,71945296,SOPA CASEIRINHA LTDA,MICROEMPRESA
41625743000215,70994536,M DE J A DOS SANTOS LTDA,NORMAL
41546940000168,61744964,ALEXIA KESIA DE LEMOS SILVA - ME,MICROEMPRESA
21961710000158,66380944,COLEGIO SONHO MEU LTDA,OUTROS
10863681000175,64123910,O C M MACHADO NETO LTDA,MICROEMPRESA
07373712000103,61802590,S N K COMERCIO DE ARTIGOS OPTICOS LTDA ME,MICROEMPRESA
07373712000286,67433855,S N K COMERCIO DE ARTIGOS OPTICOS LTDA ME,MICROEMPRESA
02174437000410,63053136,PLANETA FERROVIA COMÉRCIO DE PRODUTOS OPTICOS LTDA EPP,EPP
42639165000239,71238581,F M DA SILVA HOLANDA COMERCIO DE PRODUTOS FARMACEUTICOS - EP,NORMAL
22627192000101,64569748,BARAO VISION COMERCIO DE ARTIGOS OPTICOS LTDA ME,MICROEMPRESA
42521899000138,71945296,SOPA CASEIRINHA LTDA,MICROEMPRESA
41625743000215,70994536,M DE J A DOS SANTOS LTDA,NORMAL
41546940000168,61744964,ALEXIA KESIA DE LEMOS SILVA - ME,MICROEMPRESA
21961710000158,66380944,COLEGIO SONHO MEU LTDA,OUTROS
10863681000175,64123910,O C M MACHADO NETO LTDA,MICROEMPRESA
07373712000103,61802590,S N K COMERCIO DE ARTIGOS OPTICOS LTDA ME,MICROEMPRESA
07373712000286,67433855,S N K COMERCIO DE ARTIGOS OPTICOS LTDA ME,MICROEMPRESA
02174437000410,63053136,PLANETA FERROVIA COMÉRCIO DE PRODUTOS OPTICOS LTDA EPP,EPP
42639165000239,71238581,F M DA SILVA HOLANDA COMERCIO DE PRODUTOS FARMACEUTICOS - EP,NORMAL
22627192000101,64569748,BARAO VISION COMERCIO DE ARTIGOS OPTICOS LTDA ME,MICROEMPRESA
42521899000138,71945296,SOPA CASEIRINHA LTDA,MICROEMPRESA
41625743000215,70994536,M DE J A DOS SANTOS LTDA,NORMAL
41546940000168,61744964,ALEXIA KESIA DE LEMOS SILVA - ME,MICROEMPRESA
21961710000158,66380944,COLEGIO SONHO MEU LTDA,OUTROS
10863681000175,64123910,O C M MACHADO NETO LTDA,MICROEMPRESA
07373712000103,61802590,S N K COMERCIO DE ARTIGOS OPTICOS LTDA ME,MICROEMPRESA
07373712000286,67433855,S N K COMERCIO DE ARTIGOS OPTICOS LTDA ME,MICROEMPRESA
02174437000410,63053136,PLANETA FERROVIA COMÉRCIO DE PRODUTOS OPTICOS LTDA EPP,EPP
42639165000239,71238581,F M DA SILVA HOLANDA COMERCIO DE PRODUTOS FARMACEUTICOS - EP,NORMAL
22627192000101,64569748,BARAO VISION COMERCIO DE ARTIGOS OPTICOS LTDA ME,MICROEMPRESA
42521899000138,71945296,SOPA CASEIRINHA LTDA,MICROEMPRESA
41625743000215,70994536,M DE J A DOS SANTOS LTDA,NORMAL
41546940000168,61744964,ALEXIA KESIA DE LEMOS SILVA - ME,MICROEMPRESA
21961710000158,66380944,COLEGIO SONHO MEU LTDA,OUTROS
10863681000175,64123910,O C M MACHADO NETO LTDA,MICROEMPRESA
07373712000103,61802590,S N K COMERCIO DE ARTIGOS OPTICOS LTDA ME,MICROEMPRESA
07373712000286,67433855,S N K COMERCIO DE ARTIGOS OPTICOS LTDA ME,MICROEMPRESA
02174437000410,63053136,PLANETA FERROVIA COMÉRCIO DE PRODUTOS OPTICOS LTDA EPP,EPP
42639165000239,71238581,F M DA SILVA HOLANDA COMERCIO DE PRODUTOS FARMACEUTICOS - EP,NORMAL
22627192000101,64569748,BARAO VISION COMERCIO DE ARTIGOS OPTICOS LTDA ME,MICROEMPRESA
42521899000138,71945296,SOPA CASEIRINHA LTDA,MICROEMPRESA
41625743000215,70994536,M DE J A DOS SANTOS LTDA,NORMAL
41546940000168,61744964,ALEXIA KESIA DE LEMOS SILVA - ME,MICROEMPRESA
21961710000158,66380944,COLEGIO SONHO MEU LTDA,OUTROS
10863681000175,64123910,O C M MACHADO NETO LTDA,MICROEMPRESA
07373712000103,61802590,S N K COMERCIO DE ARTIGOS OPTICOS LTDA ME,MICROEMPRESA
07373712000286,67433855,S N K COMERCIO DE ARTIGOS OPTICOS LTDA ME,MICROEMPRESA
02174437000410,63053136,PLANETA FERROVIA COMÉRCIO DE PRODUTOS OPTICOS LTDA EPP,EPP
42639165000239,71238581,F M DA SILVA HOLANDA COMERCIO DE PRODUTOS FARMACEUTICOS - EP,NORMAL
22627192000101,64569748,BARAO VISION COMERCIO DE ARTIGOS OPTICOS LTDA ME,MICROEMPRESA
42521899000138,71945296,SOPA CASEIRINHA LTDA,MICROEMPRESA
41625743000215,70994536,M DE J A DOS SANTOS LTDA,NORMAL
41546940000168,61744964,ALEXIA KESIA DE LEMOS SILVA - ME,MICROEMPRESA
21961710000158,66380944,COLEGIO SONHO MEU LTDA,OUTROS
10863681000175,64123910,O C M MACHADO NETO LTDA,MICROEMPRESA
07373712000103,61802590,S N K COMERCIO DE ARTIGOS OPTICOS LTDA ME,MICROEMPRESA
07373712000286,67433855,S N K COMERCIO DE ARTIGOS OPTICOS LTDA ME,MICROEMPRESA
02174437000410,63053136,PLANETA FERROVIA COMÉRCIO DE PRODUTOS OPTICOS LTDA EPP,EPP
42639165000239,71238581,F M DA SILVA HOLANDA COMERCIO DE PRODUTOS FARMACEUTICOS - EP,NORMAL
22627192000101,64569748,BARAO VISION COMERCIO DE ARTIGOS OPTICOS LTDA ME,MICROEMPRESA
42521899000138,71945296,SOPA CASEIRINHA LTDA,MICROEMPRESA
41625743000215,70994536,M DE J A DOS SANTOS LTDA,NORMAL
41546940000168,61744964,ALEXIA KESIA DE LEMOS SILVA - ME,MICROEMPRESA
21961710000158,66380944,COLEGIO SONHO MEU LTDA,OUTROS
10863681000175,64123910,O C M MACHADO NETO LTDA,MICROEMPRESA
07373712000103,61802590,S N K COMERCIO DE ARTIGOS OPTICOS LTDA ME,MICROEMPRESA
07373712000286,67433855,S N K COMERCIO DE ARTIGOS OPTICOS LTDA ME,MICROEMPRESA
02174437000410,63053136,PLANETA FERROVIA COMÉRCIO DE PRODUTOS OPTICOS LTDA EPP,EPP
42639165000239,71238581,F M DA SILVA HOLANDA COMERCIO DE PRODUTOS FARMACEUTICOS - EP,NORMAL
22627192000101,64569748,BARAO VISION COMERCIO DE ARTIGOS OPTICOS LTDA ME,MICROEMPRESA
42521899000138,71945296,SOPA CASEIRINHA LTDA,MICROEMPRESA
41625743000215,70994536,M DE J A DOS SANTOS LTDA,NORMAL
41546940000168,61744964,ALEXIA KESIA DE LEMOS SILVA - ME,MICROEMPRESA
21961710000158,66380944,COLEGIO SONHO MEU LTDA,OUTROS
10863681000175,64123910,O C M MACHADO NETO LTDA,MICROEMPRESA
07373712000103,61802590,S N K COMERCIO DE ARTIGOS OPTICOS LTDA ME,MICROEMPRESA
07373712000286,67433855,S N K COMERCIO DE ARTIGOS OPTICOS LTDA ME,MICROEMPRESA
02174437000410,63053136,PLANETA FERROVIA COMÉRCIO DE PRODUTOS OPTICOS LTDA EPP,EPP
42639165000239,71238581,F M DA SILVA HOLANDA COMERCIO DE PRODUTOS FARMACEUTICOS - EP,NORMAL
22627192000101,64569748,BARAO VISION COMERCIO DE ARTIGOS OPTICOS LTDA ME,MICROEMPRESA
42521899000138,71945296,SOPA CASEIRINHA LTDA,MICROEMPRESA
41625743000215,70994536,M DE J A DOS SANTOS LTDA,NORMAL
41546940000168,61744964,ALEXIA KESIA DE LEMOS SILVA - ME,MICROEMPRESA
21961710000158,66380944,COLEGIO SONHO MEU LTDA,OUTROS
10863681000175,64123910,O C M MACHADO NETO LTDA,MICROEMPRESA
07373712000103,61802590,S N K COMERCIO DE ARTIGOS OPTICOS LTDA ME,MICROEMPRESA
07373712000286,67433855,S N K COMERCIO DE ARTIGOS OPTICOS LTDA ME,MICROEMPRESA
02174437000410,63053136,PLANETA FERROVIA COMÉRCIO DE PRODUTOS OPTICOS LTDA EPP,EPP
42639165000239,71238581,F M DA SILVA HOLANDA COMERCIO DE PRODUTOS FARMACEUTICOS - EP,NORMAL
22627192000101,64569748,BARAO VISION COMERCIO DE ARTIGOS OPTICOS LTDA ME,MICROEMPRESA
42521899000138,71945296,SOPA CASEIRINHA LTDA,MICROEMPRESA
41625743000215,70994536,M DE J A DOS SANTOS LTDA,NORMAL
41546940000168,61744964,ALEXIA KESIA DE LEMOS SILVA - ME,MICROEMPRESA
21961710000158,66380944,COLEGIO SONHO MEU LTDA,OUTROS
10863681000175,64123910,O C M MACHADO NETO LTDA,MICROEMPRESA
07373712000103,61802590,S N K COMERCIO DE ARTIGOS OPTICOS LTDA ME,MICROEMPRESA
07373712000286,67433855,S N K COMERCIO DE ARTIGOS OPTICOS LTDA ME,MICROEMPRESA
02174437000410,63053136,PLANETA FERROVIA COMÉRCIO DE PRODUTOS OPTICOS LTDA EPP,EPP
42639165000239,71238581,F M DA SILVA HOLANDA COMERCIO DE PRODUTOS FARMACEUTICOS - EP,NORMAL
22627192000101,64569748,BARAO VISION COMERCIO DE ARTIGOS OPTICOS LTDA ME,MICROEMPRESA
42521899000138,71945296,SOPA CASEIRINHA LTDA,MICROEMPRESA
41625743000215,70994536,M DE J A DOS SANTOS LTDA,NORMAL
41546940000168,61744964,ALEXIA KESIA DE LEMOS SILVA - ME,MICROEMPRESA
21961710000158,66380944,COLEGIO SONHO MEU LTDA,OUTROS
10863681000175,64123910,O C M MACHADO NETO LTDA,MICROEMPRESA
07373712000103,61802590,S N K COMERCIO DE ARTIGOS OPTICOS LTDA ME,MICROEMPRESA
07373712000286,67433855,S N K COMERCIO DE ARTIGOS OPTICOS LTDA ME,MICROEMPRESA
02174437000410,63053136,PLANETA FERROVIA COMÉRCIO DE PRODUTOS OPTICOS LTDA EPP,EPP
42639165000239,71238581,F M DA SILVA HOLANDA COMERCIO DE PRODUTOS FARMACEUTICOS - EP,NORMAL
22627192000101,64569748,BARAO VISION COMERCIO DE ARTIGOS OPTICOS LTDA ME,MICROEMPRESA
42521899000138,71945296,SOPA CASEIRINHA LTDA,MICROEMPRESA
41625743000215,70994536,M DE J A DOS SANTOS LTDA,NORMAL
41546940000168,61744964,ALEXIA KESIA DE LEMOS SILVA - ME,MICROEMPRESA
21961710000158,66380944,COLEGIO SONHO MEU LTDA,OUTROS
10863681000175,64123910,O C M MACHADO NETO LTDA,MICROEMPRESA
07373712000103,61802590,S N K COMERCIO DE ARTIGOS OPTICOS LTDA ME,MICROEMPRESA
07373712000286,67433855,S N K COMERCIO DE ARTIGOS OPTICOS LTDA ME,MICROEMPRESA
02174437000410,63053136,PLANETA FERROVIA COMÉRCIO DE PRODUTOS OPTICOS LTDA EPP,EPP
42639165000239,71238581,F M DA SILVA HOLANDA COMERCIO DE PRODUTOS FARMACEUTICOS - EP,NORMAL
22627192000101,64569748,BARAO VISION COMERCIO DE ARTIGOS OPTICOS LTDA ME,MICROEMPRESA
42521899000138,71945296,SOPA CASEIRINHA LTDA,MICROEMPRESA
41625743000215,70994536,M DE J A DOS SANTOS LTDA,NORMAL
41546940000168,61744964,ALEXIA KESIA DE LEMOS SILVA - ME,MICROEMPRESA
21961710000158,66380944,COLEGIO SONHO MEU LTDA,OUTROS
10863681000175,64123910,O C M MACHADO NETO LTDA,MICROEMPRESA
07373712000103,61802590,S N K COMERCIO DE ARTIGOS OPTICOS LTDA ME,MICROEMPRESA
07373712000286,67433855,S N K COMERCIO DE ARTIGOS OPTICOS LTDA ME,MICROEMPRESA
02174437000410,63053136,PLANETA FERROVIA COMÉRCIO DE PRODUTOS OPTICOS LTDA EPP,EPP
42639165000239,71238581,F M DA SILVA HOLANDA COMERCIO DE PRODUTOS FARMACEUTICOS - EP,NORMAL
22627192000101,64569748,BARAO VISION COMERCIO DE ARTIGOS OPTICOS LTDA ME,MICROEMPRESA
42521899000138,71945296,SOPA CASEIRINHA LTDA,MICROEMPRESA
41625743000215,70994536,M DE J A DOS SANTOS LTDA,NORMAL
41546940000168,61744964,ALEXIA KESIA DE LEMOS SILVA - ME,MICROEMPRESA
21961710000158,66380944,COLEGIO SONHO MEU LTDA,OUTROS
10863681000175,64123910,O C M MACHADO NETO LTDA,MICROEMPRESA
07373712000103,61802590,S N K COMERCIO DE ARTIGOS OPTICOS LTDA ME,MICROEMPRESA
07373712000286,67433855,S N K COMERCIO DE ARTIGOS OPTICOS LTDA ME,MICROEMPRESA
02174437000410,63053136,PLANETA FERROVIA COMÉRCIO DE PRODUTOS OPTICOS LTDA EPP,EPP
42639165000239,71238581,F M DA SILVA HOLANDA COMERCIO DE PRODUTOS FARMACEUTICOS - EP,NORMAL
22627192000101,64569748,BARAO VISION COMERCIO DE ARTIGOS OPTICOS LTDA ME,MICROEMPRESA
42521899000138,71945296,SOPA CASEIRINHA LTDA,MICROEMPRESA
41625743000215,70994536,M DE J A DOS SANTOS LTDA,NORMAL
41546940000168,61744964,ALEXIA KESIA DE LEMOS SILVA - ME,MICROEMPRESA
21961710000158,66380944,COLEGIO SONHO MEU LTDA,OUTROS
10863681000175,64123910,O C M MACHADO NETO LTDA,MICROEMPRESA
07373712000103,61802590,S N K COMERCIO DE ARTIGOS OPTICOS LTDA ME,MICROEMPRESA
07373712000286,67433855,S N K COMERCIO DE ARTIGOS OPTICOS LTDA ME,MICROEMPRESA
02174437000410,63053136,PLANETA FERROVIA COMÉRCIO DE PRODUTOS OPTICOS LTDA EPP,EPP
42639165000239,71238581,F M DA SILVA HOLANDA COMERCIO DE PRODUTOS FARMACEUTICOS - EP,NORMAL
22627192000101,64569748,BARAO VISION COMERCIO DE ARTIGOS OPTICOS LTDA ME,MICROEMPRESA
42521899000138,71945296,SOPA CASEIRINHA LTDA,MICROEMPRESA
41625743000215,70994536,M DE J A DOS SANTOS LTDA,NORMAL
41546940000168,61744964,ALEXIA KESIA DE LEMOS SILVA - ME,MICROEMPRESA
21961710000158,66380944,COLEGIO SONHO MEU LTDA,OUTROS
10863681000175,64123910,O C M MACHADO NETO LTDA,MICROEMPRESA
07373712000103,61802590,S N K COMERCIO DE ARTIGOS OPTICOS LTDA ME,MICROEMPRESA
07373712000286,67433855,S N K COMERCIO DE ARTIGOS OPTICOS LTDA ME,MICROEMPRESA
02174437000410,63053136,PLANETA FERROVIA COMÉRCIO DE PRODUTOS OPTICOS LTDA EPP,EPP
42639165000239,71238581,F M DA SILVA HOLANDA COMERCIO DE PRODUTOS FARMACEUTICOS - EP,NORMAL
22627192000101,64569748,BARAO VISION COMERCIO DE ARTIGOS OPTICOS LTDA ME,MICROEMPRESA
42521899000138,71945296,SOPA CASEIRINHA LTDA,MICROEMPRESA
41625743000215,70994536,M DE J A DOS SANTOS LTDA,NORMAL
41546940000168,61744964,ALEXIA KESIA DE LEMOS SILVA - ME,MICROEMPRESA
21961710000158,66380944,COLEGIO SONHO MEU LTDA,OUTROS
10863681000175,64123910,O C M MACHADO NETO LTDA,MICROEMPRESA
07373712000103,61802590,S N K COMERCIO DE ARTIGOS OPTICOS LTDA ME,MICROEMPRESA
07373712000286,67433855,S N K COMERCIO DE ARTIGOS OPTICOS LTDA ME,MICROEMPRESA
02174437000410,63053136,PLANETA FERROVIA COMÉRCIO DE PRODUTOS OPTICOS LTDA EPP,EPP
42639165000239,71238581,F M DA SILVA HOLANDA COMERCIO DE PRODUTOS FARMACEUTICOS - EP,NORMAL
22627192000101,64569748,BARAO VISION COMERCIO DE ARTIGOS OPTICOS LTDA ME,MICROEMPRESA
42521899000138,71945296,SOPA CASEIRINHA LTDA,MICROEMPRESA
41625743000215,70994536,M DE J A DOS SANTOS LTDA,NORMAL
41546940000168,61744964,ALEXIA KESIA DE LEMOS SILVA - ME,MICROEMPRESA
21961710000158,66380944,COLEGIO SONHO MEU LTDA,OUTROS
10863681000175,64123910,O C M MACHADO NETO LTDA,MICROEMPRESA
07373712000103,61802590,S N K COMERCIO DE ARTIGOS OPTICOS LTDA ME,MICROEMPRESA
07373712000286,67433855,S N K COMERCIO DE ARTIGOS OPTICOS LTDA ME,MICROEMPRESA
02174437000410,63053136,PLANETA FERROVIA COMÉRCIO DE PRODUTOS OPTICOS LTDA EPP,EPP
42639165000239,71238581,F M DA SILVA HOLANDA COMERCIO DE PRODUTOS FARMACEUTICOS - EP,NORMAL
22627192000101,64569748,BARAO VISION COMERCIO DE ARTIGOS OPTICOS LTDA ME,MICROEMPRESA
42521899000138,71945296,SOPA CASEIRINHA LTDA,MICROEMPRESA
41625743000215,70994536,M DE J A DOS SANTOS LTDA,NORMAL
41546940000168,61744964,ALEXIA KESIA DE LEMOS SILVA - ME,MICROEMPRESA
21961710000158,66380944,COLEGIO SONHO MEU LTDA,OUTROS
10863681000175,64123910,O C M MACHADO NETO LTDA,MICROEMPRESA
07373712000103,61802590,S N K COMERCIO DE ARTIGOS OPTICOS LTDA ME,MICROEMPRESA
07373712000286,67433855,S N K COMERCIO DE ARTIGOS OPTICOS LTDA ME,MICROEMPRESA
02174437000410,63053136,PLANETA FERROVIA COMÉRCIO DE PRODUTOS OPTICOS LTDA EPP,EPP
42639165000239,71238581,F M DA SILVA HOLANDA COMERCIO DE PRODUTOS FARMACEUTICOS - EP,NORMAL
22627192000101,64569748,BARAO VISION COMERCIO DE ARTIGOS OPTICOS LTDA ME,MICROEMPRESA
42521899000138,71945296,SOPA CASEIRINHA LTDA,MICROEMPRESA
41625743000215,70994536,M DE J A DOS SANTOS LTDA,NORMAL
41546940000168,61744964,ALEXIA KESIA DE LEMOS SILVA - ME,MICROEMPRESA
21961710000158,66380944,COLEGIO SONHO MEU LTDA,OUTROS
10863681000175,64123910,O C M MACHADO NETO LTDA,MICROEMPRESA
07373712000103,61802590,S N K COMERCIO DE ARTIGOS OPTICOS LTDA ME,MICROEMPRESA
07373712000286,67433855,S N K COMERCIO DE ARTIGOS OPTICOS LTDA ME,MICROEMPRESA
02174437000410,63053136,PLANETA FERROVIA COMÉRCIO DE PRODUTOS OPTICOS LTDA EPP,EPP
42639165000239,71238581,F M DA SILVA HOLANDA COMERCIO DE PRODUTOS FARMACEUTICOS - EP,NORMAL
22627192000101,64569748,BARAO VISION COMERCIO DE ARTIGOS OPTICOS LTDA ME,MICROEMPRESA
42521899000138,71945296,SOPA CASEIRINHA LTDA,MICROEMPRESA
41625743000215,70994536,M DE J A DOS SANTOS LTDA,NORMAL
41546940000168,61744964,ALEXIA KESIA DE LEMOS SILVA - ME,MICROEMPRESA
21961710000158,66380944,COLEGIO SONHO MEU LTDA,OUTROS
10863681000175,64123910,O C M MACHADO NETO LTDA,MICROEMPRESA
07373712000103,61802590,S N K COMERCIO DE ARTIGOS OPTICOS LTDA ME,MICROEMPRESA
07373712000286,67433855,S N K COMERCIO DE ARTIGOS OPTICOS LTDA ME,MICROEMPRESA
02174437000410,63053136,PLANETA FERROVIA COMÉRCIO DE PRODUTOS OPTICOS LTDA EPP,EPP
42639165000239,71238581,F M DA SILVA HOLANDA COMERCIO DE PRODUTOS FARMACEUTICOS - EP,NORMAL
22627192000101,64569748,BARAO VISION COMERCIO DE ARTIGOS OPTICOS LTDA ME,MICROEMPRESA
42521899000138,71945296,SOPA CASEIRINHA LTDA,MICROEMPRESA
41625743000215,70994536,M DE J A DOS SANTOS LTDA,NORMAL
41546940000168,61744964,ALEXIA KESIA DE LEMOS SILVA - ME,MICROEMPRESA
21961710000158,66380944,COLEGIO SONHO MEU LTDA,OUTROS
10863681000175,64123910,O C M MACHADO NETO LTDA,MICROEMPRESA
07373712000103,61802590,S N K COMERCIO DE ARTIGOS OPTICOS LTDA ME,MICROEMPRESA
07373712000286,67433855,S N K COMERCIO DE ARTIGOS OPTICOS LTDA ME,MICROEMPRESA
02174437000410,63053136,PLANETA FERROVIA COMÉRCIO DE PRODUTOS OPTICOS LTDA EPP,EPP
42639165000239,71238581,F M DA SILVA HOLANDA COMERCIO DE PRODUTOS FARMACEUTICOS - EP,NORMAL
22627192000101,64569748,BARAO VISION COMERCIO DE ARTIGOS OPTICOS LTDA ME,MICROEMPRESA
42521899000138,71945296,SOPA CASEIRINHA LTDA,MICROEMPRESA
41625743000215,70994536,M DE J A DOS SANTOS LTDA,NORMAL
41546940000168,61744964,ALEXIA KESIA DE LEMOS SILVA - ME,MICROEMPRESA
21961710000158,66380944,COLEGIO SONHO MEU LTDA,OUTROS
10863681000175,64123910,O C M MACHADO NETO LTDA,MICROEMPRESA
07373712000103,61802590,S N K COMERCIO DE ARTIGOS OPTICOS LTDA ME,MICROEMPRESA
07373712000286,67433855,S N K COMERCIO DE ARTIGOS OPTICOS LTDA ME,MICROEMPRESA
02174437000410,63053136,PLANETA FERROVIA COMÉRCIO DE PRODUTOS OPTICOS LTDA EPP,EPP
42639165000239,71238581,F M DA SILVA HOLANDA COMERCIO DE PRODUTOS FARMACEUTICOS - EP,NORMAL
22627192000101,64569748,BARAO VISION COMERCIO DE ARTIGOS OPTICOS LTDA ME,MICROEMPRESA
42521899000138,71945296,SOPA CASEIRINHA LTDA,MICROEMPRESA
41625743000215,70994536,M DE J A DOS SANTOS LTDA,NORMAL
41546940000168,61744964,ALEXIA KESIA DE LEMOS SILVA - ME,MICROEMPRESA
21961710000158,66380944,COLEGIO SONHO MEU LTDA,OUTROS
10863681000175,64123910,O C M MACHADO NETO LTDA,MICROEMPRESA
07373712000103,61802590,S N K COMERCIO DE ARTIGOS OPTICOS LTDA ME,MICROEMPRESA
07373712000286,67433855,S N K COMERCIO DE ARTIGOS OPTICOS LTDA ME,MICROEMPRESA
02174437000410,63053136,PLANETA FERROVIA COMÉRCIO DE PRODUTOS OPTICOS LTDA EPP,EPP
42639165000239,71238581,F M DA SILVA HOLANDA COMERCIO DE PRODUTOS FARMACEUTICOS - EP,NORMAL
22627192000101,64569748,BARAO VISION COMERCIO DE ARTIGOS OPTICOS LTDA ME,MICROEMPRESA
42521899000138,71945296,SOPA CASEIRINHA LTDA,MICROEMPRESA
41625743000215,70994536,M DE J A DOS SANTOS LTDA,NORMAL
41546940000168,61744964,ALEXIA KESIA DE LEMOS SILVA - ME,MICROEMPRESA
21961710000158,66380944,COLEGIO SONHO MEU LTDA,OUTROS
10863681000175,64123910,O C M MACHADO NETO LTDA,MICROEMPRESA
07373712000103,61802590,S N K COMERCIO DE ARTIGOS OPTICOS LTDA ME,MICROEMPRESA
07373712000286,67433855,S N K COMERCIO DE ARTIGOS OPTICOS LTDA ME,MICROEMPRESA
02174437000410,63053136,PLANETA FERROVIA COMÉRCIO DE PRODUTOS OPTICOS LTDA EPP,EPP
42639165000239,71238581,F M DA SILVA HOLANDA COMERCIO DE PRODUTOS FARMACEUTICOS - EP,NORMAL
22627192000101,64569748,BARAO VISION COMERCIO DE ARTIGOS OPTICOS LTDA ME,MICROEMPRESA
42521899000138,71945296,SOPA CASEIRINHA LTDA,MICROEMPRESA
41625743000215,70994536,M DE J A DOS SANTOS LTDA,NORMAL
41546940000168,61744964,ALEXIA KESIA DE LEMOS SILVA - ME,MICROEMPRESA
21961710000158,66380944,COLEGIO SONHO MEU LTDA,OUTROS
10863681000175,64123910,O C M MACHADO NETO LTDA,MICROEMPRESA
07373712000103,61802590,S N K COMERCIO DE ARTIGOS OPTICOS LTDA ME,MICROEMPRESA
07373712000286,67433855,S N K COMERCIO DE ARTIGOS OPTICOS LTDA ME,MICROEMPRESA
02174437000410,63053136,PLANETA FERROVIA COMÉRCIO DE PRODUTOS OPTICOS LTDA EPP,EPP
42639165000239,71238581,F M DA SILVA HOLANDA COMERCIO DE PRODUTOS FARMACEUTICOS - EP,NORMAL
22627192000101,64569748,BARAO VISION COMERCIO DE ARTIGOS OPTICOS LTDA ME,MICROEMPRESA
42521899000138,71945296,SOPA CASEIRINHA LTDA,MICROEMPRESA
41625743000215,70994536,M DE J A DOS SANTOS LTDA,NORMAL
41546940000168,61744964,ALEXIA KESIA DE LEMOS SILVA - ME,MICROEMPRESA
21961710000158,66380944,COLEGIO SONHO MEU LTDA,OUTROS
10863681000175,64123910,O C M MACHADO NETO LTDA,MICROEMPRESA
07373712000103,61802590,S N K COMERCIO DE ARTIGOS OPTICOS LTDA ME,MICROEMPRESA
07373712000286,67433855,S N K COMERCIO DE ARTIGOS OPTICOS LTDA ME,MICROEMPRESA
02174437000410,63053136,PLANETA FERROVIA COMÉRCIO DE PRODUTOS OPTICOS LTDA EPP,EPP
42639165000239,71238581,F M DA SILVA HOLANDA COMERCIO DE PRODUTOS FARMACEUTICOS - EP,NORMAL
22627192000101,64569748,BARAO VISION COMERCIO DE ARTIGOS OPTICOS LTDA ME,MICROEMPRESA
42521899000138,71945296,SOPA CASEIRINHA LTDA,MICROEMPRESA
41625743000215,70994536,M DE J A DOS SANTOS LTDA,NORMAL
41546940000168,61744964,ALEXIA KESIA DE LEMOS SILVA - ME,MICROEMPRESA
21961710000158,66380944,COLEGIO SONHO MEU LTDA,OUTROS
10863681000175,64123910,O C M MACHADO NETO LTDA,MICROEMPRESA
07373712000103,61802590,S N K COMERCIO DE ARTIGOS OPTICOS LTDA ME,MICROEMPRESA
07373712000286,67433855,S N K COMERCIO DE ARTIGOS OPTICOS LTDA ME,MICROEMPRESA
02174437000410,63053136,PLANETA FERROVIA COMÉRCIO DE PRODUTOS OPTICOS LTDA EPP,EPP
42639165000239,71238581,F M DA SILVA HOLANDA COMERCIO DE PRODUTOS FARMACEUTICOS - EP,NORMAL
22627192000101,64569748,BARAO VISION COMERCIO DE ARTIGOS OPTICOS LTDA ME,MICROEMPRESA
42521899000138,71945296,SOPA CASEIRINHA LTDA,MICROEMPRESA
41625743000215,70994536,M DE J A DOS SANTOS LTDA,NORMAL
41546940000168,61744964,ALEXIA KESIA DE LEMOS SILVA - ME,MICROEMPRESA
21961710000158,66380944,COLEGIO SONHO MEU LTDA,OUTROS
10863681000175,64123910,O C M MACHADO NETO LTDA,MICROEMPRESA
07373712000103,61802590,S N K COMERCIO DE ARTIGOS OPTICOS LTDA ME,MICROEMPRESA
07373712000286,67433855,S N K COMERCIO DE ARTIGOS OPTICOS LTDA ME,MICROEMPRESA
02174437000410,63053136,PLANETA FERROVIA COMÉRCIO DE PRODUTOS OPTICOS LTDA EPP,EPP
