cgce_emp,codi_emp,fantasia_emp,razao_emp
'36181497000139',3,'ESTALEIRO BEBIDAS','ESTALEIRO BEBIDAS LTDA'
'22479806000147',5,'RUBI DISTRIBUIDORA DE CEMENTES E CEREAIS','A.H. DE FREITAS COSTA'
'42077510000107',6,'DEBITT CONTABILIDADE','DEBITT CONTABILIDADE DIGITAL LTDA'
'65116744000111',843,'2M PINTURA ELETROSTATICA','M&M PINTURA ELETROSTATICA LTDA'
'13258237000119',9,'NIPAMIX','NIPAN MASSAS CONGELADAS LTDA - ME.'
'36142836000178',267,'LS ESPACO BEAUTY','J L DE SOUSA ARRUDA SERVIシS LTDA'
'49287663000128',270,'ACAI DA SAFRA ITAPIPOCA','L R CARVALHO E CIA LTDA'
'51201530000139',271,'DS OPTICA','DS OPTICA LTDA'
'43570576000105',46,'A C M NUTRICAO','A C M SERVICOS DE NUTRICAO GERIATRICA LTDA'
'43836199000103',64,'GM TECHNOLOGY AND CONSULTING','GUILHERME VIEIRA DE MORAES'
'15024264000152',61,'KI SORVETAO','ITALO J B BARROS'
'07516056000142',14,'FCO CONJ','FRANCISCO DAS CHAGAS DE ALMEIDA BARROSO'
'00169175000127',15,'GIRASOL MODA PRAIA','MARIA AURILENE DE SOUZA CAMURォ ME'
'36410673000167',19,'FARMACIA BELA VISTA','J P SILVA COMERCIO DE PRODUTOS FARMACEUTICOS'
'23486871000162',21,'FRANCISCO EVANILDO','FRANCISCO EVANILDO LIMA DA SILVA ME'
'20743516000133',22,'FARMACIA ESPACO SAUDE VIP','HOLANDA MAIA COMERCIO DE MEDICAMENTOS LTDA EPP'
'10463419000133',33,'PRO - HANIMALLY-S','MARQUES PET SHOP LTDA'
'49385622000174',195,'ACO ESTRUTURAL','ACO ESTRUTURAL LTDA'
'49461923000130',197,'DEDETIZADORA MAGALHAES','DEDETIZADORA MAGALHAES LTDA'
'18452941000121',29,'SBC MILITAR','S B C INDUSTRIA E COMERCIO DE CONFECCOES E EQUIPAMENTOS LTDA.'
'73796088000173',31,'REDE AMBIENTAL','REDE AMBIENTAL COMERCIO E SERVIシS LTDA '
'28429030000137',36,'ANA CONCEITO','A L S MENDES-MOVEIS'
'28429030000218',37,'ANA CONCEITO','A L S MENDES-MOVEIS'
'26244766000105',68,'BRENO AUGUSTO CARDOSO BARROSO','BRENO AUGUSTO CARDOSO BARROSO'
'06538544000198',48,'J C CESTAS BASICAS','JIMMY CARLOS N DE SOUSA'
'42781752000187',49,'INARIO CORTINAS & DECORACAO','INARIO INDUSTRIA E COMERCIO DE PERSIANAS E CORTINAS LTDA'
'09237792000197',38,'FARMACIA UNIAO','COMERCIAL DE MEDICAMENTO ITAPERY LTDA'
'01639337000106',40,'SABOR DOCES & SALGADOS','SABOR DOCES & SALGADOS LTDA'
'27040637000168',41,'VILA ACAI','VILA ACAI LTDA'
'27040637000249',42,'VILA ACAI','VILA ACAI LTDA'
'37136628000129',543,'FORTAL FRIOS','D. RAMOS DE ARAUJO COMERCIO DE ALIMENTOS LTDA'
'34292467000174',43,'VILA ACAI','VILA ACAI BM LTDA'
'31056639000112',516,'','31.056.639 ANNA BEATRIZ LIMA D AVILA'
'33912498000118',517,'MASTER CAIXAS EMBALAGENS','MASTER CAIXAS EMBALAGENS LTDA'
'54344813000128',518,'MASTER CAIXAS SERVICOS','MASTER CAIXAS SERVICOS LTDA'
'47241407000255',519,'','DROGARIA FARMA CEZAR LTDA'
'39842680000126',520,'COMPLEXO DE SAUDE DR ADAILSON SILVA','COMPLEXO DE SAUDE E ENSINO A SIL LTDA'
'32836396000106',521,'AFORT MOTOS FORTALEZA','A SILVA LOCACAO, SERVICOS E COMERCIO DE PECAS DE MOTOCICLETAS LTDA'
'55365194000110',522,,'KAPILER, INDUSTRIA E COMERCIO LTDA'
'44929871000160',81,'','AUGUSTO LAIO SOCIEDADE INDIVIDUAL DE ADVOCACIA'
'45038547000114',82,'TOTEM COWORKING','TOTEM COWORKING LTDA'
'29860549000138',85,'4 PATAS PET HOTEL','4 PATAS PET HOTEL LTDA'
'14140817000170',86,'C E MOVEIS','C GOMES DA SILVA MOVEIS'
'10418062000171',136,'TA BONITO','TA BONITO SERVICOS ADMINISTRATIVOS LTDA'
'08874086000193',50,'FARMACIA CURA CERTA','CURA''CERTA COMERCIO VAREJISTA DE PRODUTOS FARMACEUTICOS LTDA'
'35939664000103',51,'RCM ASSESSORIA','R C MAIA ASSESSORIA'
'42639165000158',52,'DROGARIA CLARA SAUDE','F M DA SILVA HOLANDA COMERCIO DE PRODUTOS FARMACEUTICOS'
'17305484000180',54,'JOSY MODA PRAIA','C E J MODA PRAIA LTDA'
'42078843000150',69,'','GETULIO VIEIRA DE MORAES.'
'43667407000180',70,'QUIMERA CONSTRUCOES','QUIMERA CONSTRUCOES E SERVICOS LTDA'
'23492582000176',71,'ASSESSORIA E SERVICOS UNICON','UNICON SERVICOS E EVENTOS LTDA'
'44168654000102',73,'FARMACIA IRACEMA','IRACEMA COMERCIO DE PRODUTOS FARMACEUTICOS LTDA'
'15395792000118',57,'W A STUDIO DE PILATES','A M BARBOSA'
'43458475000139',58,'LAB ONE','LAB ONE PRODUTOS E SERVICOS OPTICOS LTDA'
'24689061000176',59,'KBYTE COMPUTADORES','J C DA S MESQUITA COMPUTADORES'
'43421948000123',62,'NEXT PROJETOS E SERVICOS','J P F DA SILVA SERVICOS ELETRICOS'
'45030050000150',88,'MARQUES ATENDIMENTOS MEDICOS','R. ALVES MARQUES ATENDIMENTOS MEDICOS'
'32343397000100',149,'LIBERTY JEANS','LIBERTY JEANS LTDA'
'43148601000159',150,'MOVELARIA CANTO DOS MOVEIS','MOVELARIA CANTO DOS MOVEIS LTDA'
'48003523000118',151,'DEB LEGALIZACAO','DEB SERVICOS DE LEGALIZACAO LTDA'
'13254185000102',152,'RVR TURISMO E EVENTOS','RVR TURISMO E EVENTOS LTDA'
'32486238000165',116,'MADEARTS KIDS','32.486.238 ANA CAROLINA GONCALVES BARROS'
'12346125000157',117,'MADEARTS MDF','MADEARTS MDF LTDA'
'41119997000180',145,'CARIOCA INFOCELL','CARIOCA INFOCELL LTDA'
'36278079000164',146,'HOLDING TRES IRMAOS','3 A HOLDING PATRIMONIAL LTDA'
'45059658000107',95,'','WILLIAN CARVALHO SOCIEDADE INDIVIDUAL DE ADVOCACIA'
'47330178000164',132,'GALETERIA MARANHAO','GALETERIA MARANHAO LTDA'
'44195954000172',133,'JAV AMBIENTACOES','JAV AMBIENTACOES, FABRICACAO E COMERCIO LTDA'
'02301602000104',134,'NATAN DISTRIBUIDORA','NATAN DISTRIBUIDORA LTDA'
'38295532000176',124,'STRONG ENERGY','STRONG ENERGY LTDA.'
'48213752000167',201,'AV CONSULTORIA','AV CONSULTORIA LTDA'
'50623645000582',544,'PETITE JOLIE','JOLIE-CE COMERCIO DE CALCADOS LTDA'
'33384059000180',204,'SENHOR PANDINHA MODA INFANTIL','J. L. E. DE OLIVEIRA SR PANDINHA'
'36756409000180',205,'IVAELCELULARES','IVAELCELULARES LTDA'
'47233185000148',129,'J FLAVIO IMOVEIS','J FLAVIO SERVICOS DE INTERMEDIACOES LTDA'
'41589408000128',105,'HOSPITAL VETERINARIO DE EQUINOS DRA JOILDE GADELHA','HOSPITAL VETERINARIO DE EQUINOS DRA JOILDE GADELHA LTDA'
'02462198318',107,,'DIEGO FELIPE SILVEIRA ESSES'
'46738798000174',110,'IACO REPRESENTACOES','IACO REPRESENTACOES LTDA'
'28775766000167',111,'DROGARIA SANAR','CDI PRODUTOS FARMACEUTICOS LTDA'
'50623645000400',545,'PETITE JOLIE','JOLIE-CE COMERCIO DE CALCADOS LTDA'
'38348478000180',113,'BRAZIL OPPORTUNITY','BRAZIL OPPORTUNITY LTDA'
'43179859000112',366,'MILENIUM FRETAMENTO E TURISMO','MILENIUM FRETAMENTO E TURISMO LTDA'
'45154280000120',367,'LM2 TRUCK SERVICE','LL MOREIRA SERVICOS AUTOMOTORES LTDA'
'35057801000178',368,'','J R LIMA SOUSA COMERCIO DE ALIMENTOS LTDA'
'50581444000136',229,'NOVA EMPORIO','NOVA EMPORIO INDT LTDA'
'50657035000176',231,'NOVA EMPORIO','NOVA EMPORIO ARCP LTDA'
'50657081000175',232,'NOVA EMPORIO','NOVA EMPORIO ES LTDA'
'50112998000194',233,'NOVA EMPORIO','NOVA EMPORIO EN LTDA'
'51063292000142',247,'THE COFFEE PATIO DOM LUIS','PATIO CAFE LTDA'
'26321825000100',249,'COMERCIAL SOBREIRA','CS EMBALAGENS LTDA'
'36010066000100',251,'LOLA CONFEITARIA','LOLA INDUSTRIA E COMERCIO DE ALIMENTOS LTDA'
'39452463000120',547,'COLCHOES DOS SONHOS','COMERCIO COLCHOES DOS SONHOS LTDA'
'44054657000107',180,'LUCIANO LIBORIO PUBLICIDADE','LUCIANO LIBORIO PUBLICIDADE LTDA'
'05132687000132',181,'FRANGAO','P E BRILHANTE DE MENEZES'
'23549213000172',182,'SABOR BRILHANTE','M E NOBRE DE LIMA BRILHANTE'
'62657686000145',782,'','TAVARES AUTOPRIME LTDA'
'27849121000169',184,'JANIELLE LIMA CONCEITO','JANIELLE LIMA CONCEITO LTDA'
'33863206000102',161,'W & A CIA','W & A EMPREENDIMENTOS LTDA'
'27699575000109',163,'CLINICA BENJAMIM (ODONTOLOGIA INTEGRADA)','EDILEUDA S LIMA'
'58946410000100',595,'VITTA RESIDENCIAL SENIOR','VITTA RESIDENCIAL SENIOR LTDA'
'00973755000172',165,'COMERCIAL ESTIVAS COELHO BRAGA','COMERCIAL ESTIVAS DE ALIMENTOS LTDA'
'57620277000134',548,'INFINITY TECH','INFINITY TECH SERVIシS E COMERCIO LTDA'
'10863681000175',168,'AUTO TECH TRANSMISSAO','O C M MACHADO NETO LTDA'
'48352530000125',169,'M&L EMPREENDIMENTOS','M&L CONSTRUCOES LTDA'
'41326017000110',171,'MR DOCTORS','MR DOCTORS LTDA'
'41550666000362',864,'','MA DE ALMEIDA COMERCIO DE ALIMENTOS IDEAL LTDA'
'48465634000146',173,'CARIOCA VARIEDADES','CARIOCA VARIEDADES LTDA'
'48996444000155',185,'IRON JUNGLE','IRON JUNGLE ACADEMIA DE MUSCULACAO LTDA'
'48990719000143',187,'L C MARCENARIA','LUIS C DO NASCIMENTO SERVICOS EM MOVEIS'
'36884241000198',188,,'J A DE SOUSA FILHO SERVICOS AUTOMOTIVOS'
'47232048000199',189,'ACADEMIA IVAS FITNESS','I M S SILVA CASTRO'
'48098490000137',190,'IGOR ROCHA GADELHA','IGOR ROCHA GADELHA LTDA'
'43418910000100',200,'ACO CEARA','ACO CEARA INDUSTRIA E COMERCIO LTDA'
'33327582000174',208,'AHAZZI ACESSORIOS','AHAZZI ACESSORIOS E BIJUTERIAS LTDA'
'49867539000131',210,'FRANGAO','P E BRILHANTE RESTAURANTE LTDA'
'50179544000130',216,,'RX ASSESSORIA E CONSULTORIA IMOBILIARIA '
'42639165000239',218,'DROGARIA CLARA SAUDE','F M DA SILVA HOLANDA COMERCIO DE PRODUTOS FARMACEUTICOS'
'37823312000105',219,'O&K COMERCIO','O F BRASIL NETO ARTESANAIS'
'41343361000118',220,'WORKEASY','WORKEASY SOLUCOES EM TI LTDA'
'50359141000173',223,'FANTASTIC FESTAS E VARIEDADES','FANTASTIC FESTAS E VARIEDADES LTDA'
'50377074000110',224,'ICONE CONSULTORIA E EDUCACAO','ICONE CONSULTORIA E EDUCACAO LTDA'
'50513223000120',226,'FARO CONSULTORIA EMPRESARIAL','FACANHA RODRIGUES CONSULTORIA EMPRESARIA'
'50551718000144',227,'HV ARAUJO DISTRIBUIDORA','HV ARAUJO DISTRIBUIDORA LTDA'
'39746199000137',228,'ARTES DA DIANINHA','CLAUDIANA T. SILVA'
'46569986000116',234,'','WS CAFE LTDA'
'36220012000179',235,'','UAU CAFETERIA LTDA '
'50726053000162',239,'','ISABEL OLIVEIRA DOS SANTOS SOCIEDADE INDIVIDUAL DE ADVOCACIA'
'07633475000164',240,'ANTONIZA NOIVAS','ANTONIA MARTINS GOMES'
'50994718000119',242,'MIX CONFEITARIA E CONSULTORIA','MIX CONFEITARIA E CONSULTORIA LTDA'
'18914734000141',252,,'PARANGABA VISION COMERCIO DE PRODUTOS OP'
'09541349000105',253,'','A. S. BESERRA COMERCIO DE ARTIGOS OPTICOS LTDA'
'20934644000164',254,'','VISION TREINAMENTOS LTDA'
'07373712000103',255,,'S N K COMERCIO DE ARTIGOS OPTICOS LTDA'
'22627192000101',256,'','BARAO VISION COMERCIO DE ARTIGOS OPTICOS LTDA.'
'15122739000143',257,'FERROVIA','FORTVISION COMERCIO DE PRODUTOS OPTICOS LTDA'
'23996720000154',258,'','EUSEBIO VISION COMERCIO DE ARTIGOS OPTICOS LTDA.'
'16610437000187',259,'FERROVIA','CAUCAIAVISION COMERCIO DE ARTIGOS OPTICOS LTDA'
'52197110000199',306,'FERROVIA','TANGO INTERMEDIACOES LTDA'
'08266225000104',260,'','F R V COMERCIO DE ARTIGOS OPTICOS LTDA'
'08393493000189',261,'FERROVIA','MARACANAU VISION COMERCIO DE ARTIGOS OPTICOS LTDA'
'20934708000127',262,'','ARVOREDO VISION COMERCIO DE ARTIGOS OPTICOS LTDA.'
'28942796000110',263,'','DEL PASEO OPTIC COMERCIO DE ARTIGOS OPTICOS LTDA'
'08427279000104',264,'','E V X COMERCIO DE ARTIGOS OPTICOS LTDA'
'42641227000166',265,'FERROVIA','TAPEBA COMERCIO DE ARTIGOS OPTICOS LTDA'
'51388096000148',276,'M B CAMINHOES','M B COMPRA E VENDA DE CAMINHOES LTDA'
'08571105000102',277,'A - TEC RADIOS E INFORMATICA','HENRIQUE SOUSA CAETANO LTDA'
'38462358000109',549,'ZE DA FIBRA','CARLOS H. M. SOUSA'
'20589507000130',281,'FUSION CABELEIREIROS','FUSION CABELEIREIROS LTDA'
'51645768000153',282,'AQA MEDICINA','QUEIROS AZEVEDO SERVICOS MEDICOS LTDA'
'51803514000116',287,'BRUNO VEICULOS','BRUNO VEICULOS LTDA'
'05646748000180',288,'','UCHOA COMERCIO DE GAS LTDA'
'44520218000142',289,'DEPOSITO MAURO CAPIM','ANTONIO MAURO DE SOUZA UCHOA LTDA'
'05646748000260',290,'','UCHOA COMERCIO DE GAS LTDA'
'05646748000341',292,'','UCHOA COMERCIO DE GAS LTDA'
'05646748000422',293,'','UCHOA COMERCIO DE GAS LTDA'
'05646748000694',294,'','UCHOA COMERCIO DE GAS LTDA'
'05646748000856',295,'','UCHOA COMERCIO DE GAS LTDA'
'05646748001070',297,'','UCHOA COMERCIO DE GAS LTDA'
'05646748001151',298,'','UCHOA COMERCIO DE GAS LTDA'
'51975362000139',300,'EMANUEL INTERMEDIACOES','EMANUEL INTERMEDIACOES LTDA'
'30994028000152',302,'FIESTA''S BUFFET','FIESTAS BUFFET LTDA'
'37619014000106',303,'MR.GREGO','MR GREGO COMERCIO DE ALIMENTOS LTDA'
'52014416000162',304,'CHRISTOPH DOLL CONSULTING','CHRISTOPH DOLL CONSULTING LTDA'
'52023829000103',305,'BRASIL OPPORTUNITY INVESTMENT','BRASIL INVESTIMENTOS EM NEGOCIOS IMOBILIARIOS LTDA'
'36377545000169',307,'APORTE PARTICIPACOES','APORTE ADMINISTRACAO DE FUNDOS LTDA'
'40066919000100',308,'ATIVOS REABILITACAO','ATIVOS REABILITACAO LTDA'
'11075280000113',309,'XAVIER CESTAS BASICAS','FRANCISCO XAVIER NETO'
'48466621000191',312,'BRILHO JEANS','BRILHO JEANS LTDA'
'38080863000199',313,'CAPITALIZE GESTAO EMPRESARIAL','CAPITALIZE GESTAO EMPRESARIAL LTDA'
'48078558000116',316,'CARMEL SERVICOS','CARMEL ADMINISTRACAO E SERVICOS LTDA'
'41301292000180',317,'QUATRO D TEXTIL','4D INDUSTRIA DE MALHAS LTDA.'
'45215147000137',319,'FINANZA BPO','FINANZA ADMINISTRACAO DE FUNDOS LTDA'
'16971736000147',550,'TPX OFFICE SERVICOS ADMINISTRATIVOS','TPX OFFICE SERVICOS ADMINISTRATIVOS LTDA'
'45215147000218',320,'','FINANZA ADMINISTRACAO DE FUNDOS LTDA'
'53768620000131',551,'MULTIMEDIA TECNOLOGIA','MULTIMEDIA TECNOLOGIA LTDA'
'39426970000199',324,'CRIACAO','MARINE COMERCIO DE PEIXES E CORAIS LTDA'
'20212680000114',325,'','MELINDA MODAS E CONFECCOES LTDA'
'20212680000203',326,'','MELINDA MODAS E CONFECCOES LTDA'
'23502766000170',327,'SERPET - MAO DE OBRA ESPECIALIZADA EM PETSHOP','SERPET - LOCACAO ESPECIALIZADA DE MAO DE OBRA LTDA'
'02908742000145',331,'VIANA''S PET SHOP E ASSISTENCIA VETERINARIA','NUTRICAO COMERCIO E SERVICOS LTDA'
'02908742000307',332,'','NUTRICAO COMERCIO E SERVICOS LTDA'
'02908742000498',333,'VIANA''S PET SHOP E ASSISTENCIA VETERINARIA','NUTRICAO COMERCIO E SERVICOS LTDA'
'37404301000190',334,'FABRICA DE COOKIES','R&M FABRICACAO E COMERCIO DE COOKIES LTDA'
'45373267000162',335,'CACHEADAS FORTALEZA','TALITA AMORIM SILVA GOMES 02358897337'
'09154432000121',336,'4D REPRESENTACOES','DIELLY QUEIROZ SAMPAIO'
'49796140000107',337,'LETICIA AMORIM CACHEADAS FORTALEZA','49.796.140 LETICIA AMORIM GOMES'
'03591742000127',339,'ELETRONICA LIMA','03.591.742 MARIA VICENCIA FREITAS BARBOSA DE LIMA'
'48059243000121',340,'ASLONEM','ASLONEM LTDA'
'04171105000164',342,'T.A.J. TRANSPORTE ALTERNATIVO JOINVILLE','T.A.J TRANSPORTES LTDA'
'49425230000191',343,'','APORTE CAPITAL E INVESTIMENTOS LTDA'
'49067190000153',346,'','IF CAPITAL E INVESTIMENTOS LTDA'
'36326266000176',347,'IF SERVICOS E TREINAMENTOS','MARAYSE ISMARIA PAULA FERNANDES DA SILVA 05496113393'
'12981026000147',154,'SUPER CUMBUCO','MERCANTIL SUPER CUMBUCO LTDA'
'20216194000174',156,'POUSADA POUSO DA PRAIA ','J. A. GARCIA MORAES'
'12981026000228',157,'SUPER CUMBUCO ATACADO','MERCANTIL SUPER CUMBUCO LTDA'
'12981026000309',158,'SUPER CUMBUCO ATACAREJO','MERCANTIL SUPER CUMBUCO LTDA'
'45413982000181',159,'A K G SERVICOS','A K G MORAES LTDA'
'52417196000118',351,'STORE INTERMEDIACOES','STORE INTERMEDIACOES LTDA'
'01855109000173',352,'ESCOLA SONHO MEU','MARIA GONCALVES DA SILVA MACIEIRA'
'21961710000158',353,'COLEGIO SONHO MEU','COLEGIO SONHO MEU LTDA'
'26628707000130',844,'ENGMAN','ENGMAN SERVICOS DE ENGENHARIA E MANUTENCAO LTDA'
'29285218000111',355,'IMPULSO ENGENHARIA LTDA','IMPULSO ENGENHARIA LTDA'
'00057733000162',356,'M B COMERCIO & TRANSPORTE','M B GUIMARAES NETO & CIA LTDA'
'52442248000106',357,'BEIRA MAR CAFE','BEIRA MAR CAFE LTDA'
'52645597000125',358,'','DN GOMES LTDA'
'50540884000145',360,'UP SERVICOS','UP GESTAO DE SERVICOS LTDA'
'52716528000165',361,'C.T. TRAINING','C.T. TRAINING LTDA'
'52739305000113',362,'TS SILK EMBALAGENS','TS SILK EMBALAGENS LTDA'
'26958105000141',369,'ESCOLA DE FUTEBOL SONHO MEU','CSM FUTEBOL CLUBE LTDA'
'52645873000155',370,'L S SEGURANCA','L S SEGURANCA LTDA'
'33819548000117',371,'CAMILA DOCE IDEIA','CAMILA DOCE IDEIA LTDA'
'47241407000174',373,'FARMA CEZAR','DROGARIA FARMA CEZAR LTDA'
'52582507000102',491,'PAREJJA VEICULOS','D.E VEICULOS LTDA'
'55825118000140',494,'','I M ROCHA SERVICOS MEDICOS LTDA'
'55844842000111',495,'','DELICADA JOJU MODAS & CIA LTDA'
'28429030000307',496,'','A L S MENDES-MOVEIS'
'51760230000190',497,'R R LOCACAO DE MOTOS','R R LOCACAO DE MOTOS LTDA'
'60148197000132',674,'','BOM JESUS SERVICO DE ENTREGA LTDA'
'51014425000190',243,'NOVA EMPORIO','NOVA EMPORIO MS LTDA'
'48472308000166',244,'JUNIOR CAR MECANICA ESPECIALIZADA','JUNIOR CAR MECANICA ESPECIALIZADA LTDA'
'11192199000113',554,'FABRICIO RODRIGUES ALVES','FABRICIO RODRIGUES ALVES'
'53435321000185',388,'ALINE BRITO ACADEMY','ALINE BRITO ACADEMY LTDA'
'47569716000178',390,'','P S ACESSORIOS TATICOS LTDA'
'39755367000150',391,'FEMINICIS MAKEUP','G MENDES BASTOS COMESTICOS LTDA'
'45202755000107',392,'RSTECH CONSULT','RSTECH CONSULT LTDA'
'40670871000137',394,'LAVANDERIA 60 MINUTOS - CE10 PARANGABA','DAVI C BEZERRA'
'53714024000179',396,'KUBERLINK','KUBERLINK CLOUD SOLUTIONS LTDA'
'63497101000130',397,'AJC FARMACIA','A. J. V. CORREIA FARMACIA'
'63497101000210',398,'AJC FARMACIA','A. J. V. CORREIA FARMACIA'
'42084015000125',399,'R R ALIMENTOS','42.084.015 ROMARIO ALENCAR MENDONCA'
'53816839000169',401,'AJC SERVICOS E TREINAMENTOS','AJV CORREIA SERVICOS E TREINAMENTOS LTDA'
'53933309000109',404,'HOLDING MORAES IMOVEIS','HOLDING MORAES IMOVEIS LTDA'
'53961576000181',405,'RXA ASSESSORIA IMOBILIARIA','RXA ASSESSORIA E CONSULTORIA IMOBILIARIA LTDA'
'54004441000190',406,'MUSH DESIGN','MUSH DESIGN LTDA'
'54029854000120',408,'ASLONEM BEBIDAS','ASLONEM BEBIDAS LTDA'
'54142297000159',409,'RIVA LOCACOES','RXV ASSESSORIA E CONSULTORIA IMOBILIARIA LTDA'
'55353799000191',498,'','IS COMERCIO, SERVICOS E PRODUCOES LTDA'
'55520278000181',499,'','A J V COMERCIO VAREJISTA DE PRODUTOS FARMACEUTICOS LTDA'
'56031895000186',500,'','PRESTIGIO TREINAMENTOS LTDA'
'56053205000190',503,'','MX REFORMAS E CONSTRUCOES LTDA'
'49387538000190',410,'LRM GESTAO EMPRESARIAL','LRM SERVICOS ADMINISTRATIVOS LTDA'
'54243187000183',412,'','54.243.187 ALEX ANDERSON LINS DE LIMA'
'49711846000129',413,'','M. A. SILVA BARBOSA'
'31037960000150',415,'FM REPRESENTACOES E CONSULTORIA','FM REPRESENTACOES E CONSULTORIA LTDA'
'54244319000191',419,'','N D COMERCIO VAREJISTA DE PRODUTOS ALIMENTICIOS LTDA'
'31545695000110',420,'','RADIOTEIPON SERVICOS MEDICOS LTDA'
'54648659000188',421,'ONE VIEW PRODUTOS E SERVICOS OPTICOS','ONE VIEW PRODUTOS E SERVICOS OPTICOS LTDA'
'22749300000100',423,'HIDRAULICA CEARENSE','HIDRAULICA CEARENSE SERVICO E MANUTENCAO LTDA'
'44788518000107',424,'LOUCA DAS UNHAS','LOUCA DAS UNHAS COMERCIO VAREJISTA DE COSMETICO LTDA'
'39710449000189',425,'HIDRAULICA CEARENSE','A SUZILANE DA SILVA LTDA'
'32084111000110',426,'OCULART OTICA','OCULART OTICA LTDA'
'40616580000160',427,'TOMOTO HOLDING','TOMOTO HOLDING LTDA'
'63983172000142',814,'','M. DOS SANTOS PEREIRA LTDA'
'66194324000116',865,'ADEME GESTAO FINANCEIRA','ADEME SERVICOS DE GESTAO FINANCEIRA LTDA'
'40456292000196',428,'IACADEMY COMPANY','IACADEMY COMPANY LTDA'
'29063247000139',430,'UNIVERSIDADE DO INTERCAMBIO','UNIVERSIDADE DO INTERCAMBIO CURSOS PREPARATORIOS LTDA'
'54973312000100',433,'','QUEIROZ FRANCO CONSULTORIA LTDA'
'54910402000152',432,'BEIRA MAR COWORKING','BEIRA MAR COWORKING E NEGOCIOS LTDA'
'54992741000125',434,'MINI LIN','S & M COMERCIO DE VESTUARIOS LTDA'
'55027400000182',435,'','J.A. MARKETING E APOIO ADMINISTRATIVO LTDA'
'55027518000100',436,'A & A SERVICOS DE ENTREGA','J & A SERVICOS DE ENTREGA E APOIO ADMINISTRATIVO LTDA'
'55027790000190',437,'A & A SERVICOS DE MONITORAMENTO','J. A. SERVICOS DE MONITORAMENTO LTDA'
'59357738000153',628,'LAKAZZIJEANS','LAKAZZIJEANS LTDA'
'55043986000179',438,'SALAO CACHEADAS FORTALEZA','SALAO CACHEADAS FORTALEZA CENTRO DE BELEZA NATURAL LTDA'
'31205430000173',440,'A NOVA MEDICINA','A NOVA MEDICINA CONTEUDOS DIGITAIS E TREINAMENTOS LTDA'
'20373830000171',445,'OBA FESTAS','OBA FESTAS LTDA'
'55215613000138',446,'','IGNICAO MEDICA LTDA'
'55215646000188',447,'','IMED LTDA'
'55215718000197',448,'','MEDTRACK SERVICOS LTDA'
'55215744000115',449,'','MEDHEALTH SERVICOS LTDA'
'55372881000163',455,'LF MEDICINA','LF FERREIRA GOMES SERVICOS MEDICOS LTDA'
'40775996000121',456,'CLINICA BE FORTALEZA','CLINICA BE FORTALEZA LTDA'
'54807958000118',460,'RAZZI JEANS','S. E. SILVA DE LIMA'
'24937274000170',461,'R R MOTOS PECAS SERVICOS E ACESSORIOS','JC MOTA DO AMARAL OFICINA DE MOTOS LTDA'
'21440931000180',450,'FELIZ COM VOCE','FELIZ COM VOCE COMPANY LTDA'
'39812096000128',451,'NAMASTE TECNOLOGIA','NAMASTE TECNOLOGIA LTDA'
'32872858000132',452,'VETWORLD','MARQUES ARRUDA SERVICOS VETERINARIOS LTDA'
'55271649000139',453,'DDO HOLDING','DDO HOLDING LTDA'
'55519812000130',462,'NEXUS SAUDE','WL CONSULTORIA E PLANTAO MEDICO LTDA'
'51580589000185',464,'','G B SERVICOS ODONTOLOGICOS LTDA'
'39154766000166',465,'ORAL SIN IMPLANTES','VIA SUL IMPLANTES LTDA'
'55577125000170',466,'ACADEMIA DE FUTEBOL DO GALO UNIDADE SERRINHA','LEONARDO UNIAS TREINAMENTO DE ESPORTES'
'50623645000230',467,'','JOLIE-CE COMERCIO DE CALCADOS LTDA.'
'50623645000159',468,'PETITE JOLIE','JOLIE-CE COMERCIO DE CALCADOS LTDA.'
'42354237000110',469,'LB ADMINISTRACAO','LB ADMINISTRACAO PATRIMONIAL LTDA'
'11618173000194',471,'ROSAMANGO','RMG-CE COMERCIO DE CALCADOS LTDA'
'11618173000437',472,'ROSAMANGO','RMG-CE COMERCIO DE CALCADOS LTDA'
'42554647000105',473,'','NEW PASEO ADMINISTRACAO DE IMOVEIS LTDA'
'10837635000100',475,'START PARTICIPACOES','START PARTICIPACOES LTDA'
'50093323000307',477,'','USACE COMERCIO DE CALCADOS LTDA.'
'50093323000145',478,'USACE','USACE COMERCIO DE CALCADOS LTDA.'
'07873084000117',479,'ROSA MANGO','A L B COMERCIO DE CALCADOS LTDA.'
'07873084000389',480,'ROSA MANGO','A L B COMERCIO DE CALCADOS LTDA.'
'07873084000460',481,'ROSA MANGO','A L B COMERCIO DE CALCADOS LTDA.'
'20951181000149',482,'','ADE COMERCIO DE CALCADOS LTDA'
'20951181000220',483,'','ADE COMERCIO DE CALCADOS LTDA.'
'20951181000300',484,'','ADE COMERCIO DE CALCADOS LTDA'
'20951181000491',485,'','ADE COMERCIO DE CALCADOS LTDA'
'56068873000190',504,'','OTICA SOLARIS LTDA'
'40453943000194',508,'PERSONAL GERONTO','PERSONAL GERONTO LTDA'
'40962598000114',509,'JME CONSULTORIAS EM CLOUD COMPUTING','J L N DE OLIVEIRA'
'48556076000124',555,'','E. F. MENEZES TREINAMENTOS'
'12395763000168',510,'J .P COMERCIAL DE ALIMENTOS','J. P. COMERCIO DE ALIMENTOS LTDA'
'56525525000103',515,'COZINHA REVAYAH','REVAYAH COMERCIO DE PRODUTOS E BEBIDAS LTDA'
'56703129000110',507,'EFATA TRANSPORTE DE VEICULOS E GUINCHOS','EFATA TRANPORTES DE VEICULOS PARA TODO O BRASIL GUINCHOS E CEGONHA LTDA'
'37780974000145',524,'TPX OFFICE','TPX INDUSTRIA DE CADEIRAS E MOVEIS PARA ESCRITORIO LTDA'
'57332067000140',526,'','J.P CONSULTORIA E SERVICOS LTDA'
'58580055000106',537,'BEZERRA & BASTOS DESIGN E DESENVOLVIMENTO DE SOFTW','ASB SOFTWARE LTDA'
'60411138000105',683,'','SEU ESPACO COMERCIO VAREJISTA DE PRODUTOS NATURAIS LTDA'
'57362450000141',527,'','OAS SERVICOS DE SAUDE LTDA'
'20951181000572',486,'','ADE COMERCIO DE CALCADOS LTDA'
'20951181000653',487,'','ADE COMERCIO DE CALCADOS LTDA'
'23343540000173',488,'ROSA MANGO','BRN COMERCIO DE CALCADOS LTDA.'
'23343540000254',489,'ROSA MANGO','BRN COMERCIO DE CALCADOS LTDA.'
'50623645000310',490,'','JOLIE-CE COMERCIO DE CALCADOS LTDA.'
'56246305000132',511,'RF CONSTRUмES','RF CONSTRUCOES LTDA'
'49854503000113',513,'BLUE GIRL MAKES','K. V. LOPES MAQUIAGENS'
'02908742000579',514,'','NUTRICAO COMERCIO E SERVICOS LTDA'
'57395002000144',528,'E SIL SAUDE','E SIL SAUDE E ESTETICA LTDA'
'32976891000102',529,'A. M. DE MESQUITA','A. M. DE MESQUITA'
'58574606000110',538,'START GESTAO','START GESTAO LTDA'
'58593895000103',585,'COMPLEXO ATIVOS','COMPLEXO ATIVOS LTDA'
'32262716000153',586,'KEG ARTIGOS PARA BEBE','C. M. DA COSTA ARTIGOS PARA BEBE'
'58659231000191',587,'SUNSET KIDS','SUNSET KIDS LTDA'
'57426495000132',539,'A SIL ACADEMY','A SIL CURSOS E EVENTOS LTDA'
'45095779000104',556,'TOSHIBA GOURMET','TOSHIBA GOURMET RESTAURANTE LTDA'
'36377545000240',380,'','APORTE ADMINISTRACAO DE FUNDOS LTDA'
'53273387000116',381,'RVM SOFTWARE','RVM DESENVOLVIMENTO DE SOFTWARE LTDA'
'53273489000131',382,'','COLB ENGENHARIA LTDA'
'53248700000166',383,'LMC MODAS E CONFECCOES','LMC MODAS E CONFECCOES LTDA'
'53282367000101',384,'M & A CEREAIS','M A COMERCIO DE CEREAIS LTDA'
'53308783000131',385,'','MCA SAUDE ATENDIMENTO MEDICO LTDA'
'43111831000143',558,'BUDEGA NA FAZENDA SERTAO E FRIOS','LUISIANA GIRAO LTDA'
'61387466000186',736,'','ORTOFACIAL PATIO DOM LUIS LTDA'
'61154994000195',737,'','ALTKOD SOLUTIONS LTDA'
'42776403000177',738,'ARANORD ARAMADOS NORDESTE','ARANORD ARAMADOS NORDESTE SERVICOS E COMERCIO LTDA'
'44137157000139',741,'SERVICAR SERVICOS','SERVICAR SERVICOS DE MANUTENCAO E REFORMA LTDA'
'61462348000195',742,'F7 SERVICOS','F7 SERVICOS E MANUTENCOES LTDA'
'19189251000194',717,'','KKD PROMOCAO DE VENDAS LTDA'
'46793514000142',720,'XWS SERVICOS DE ENTREGA','XWS PROMOCAO DE VENDAS LTDA'
'26288252000151',728,'','N ALVES DE SOUZA SERVICOS'
'31296366000183',743,'LA GRUE CULTURAL','F M BEVILAQUA ARTE E CULTURA'
'41244968000140',744,'P A COSTA AR CONDICIONADO LTDA','P. ACOSTA AR CONDICIONADO LTDA'
'49818635000190',783,'IDEAL TRASNPORTADORA LTDA','IDEAL TRANSPORTADORA LTDA'
'07302128000159',784,'FARMACIA SAMPAIO','FARMACIA SAMPAIO LTDA'
'61195452000160',785,'','FAZENDA IDEAL AGROPECUARIA LTDA'
'62714113000106',786,'','F T L COMERCIO DE PRE MOLDADOS LTDA'
'62787168000146',787,'','HENRIQUE JEANS LTDA'
'40018474000185',788,'FILE PRIME RESTAURANT','FILE PRIME RESTAURANTE LTDA'
'52587564000176',789,'ALINHARE FISIOTERAPIA','ALINHARE FISIOTERAPIA LTDA'
'51481359000169',790,'GA HIDRO','NAYANE DE SOUZA PEREIRA NASCIMENTO'
'62870391000152',792,'','V. HUGO CASTELO DOS SANTOS LTDA'
'63051679000168',793,'','WL EMPREENDIMENTOS DIGITAIS LTDA'
'60246684000138',678,'OMNI MARKETING DIGITAL','OMNI MARKETING DIGITAL LTDA'
'41393030000192',679,'VO MANNY','EMPACOTADORA DE ALIMENTOS VO MANNY LTDA'
'17389943000150',680,'COMERCIAL O NETO','COMERCIAL DE ALIMENTOS NETO LTDA'
'60449234000142',685,'','AURIOCARDIO LTDA'
'31414257000113',845,'PALUTEC REFORMAS & SERVICOS','PALUTEC REFORMAS & SERVICOS LTDA'
'65185127000178',846,'','IBF SERVICOS LTDA'
'65172465000175',847,'','FWM TURISMO LTDA'
'54307857000188',848,'TPX OFFICE','TPX OFFICE E DESIGN LTDA'
'65289235000190',849,'','HEATTECH SERVICOS DE ENGENHARIA LTDA'
'65313195000175',850,'','CASA FORTE MATERIAL DE CONSTRUCAO LTDA'
'43029490000161',634,'ON FIRE','C M DANTAS'
'08994871000260',635,'BEZERRA OCULOS','BESERRA & SILVA COMERCIO DE OCULOS LTDA'
'10968080000208',636,'','A & S COMERCIO DE ARTIGOS OPTICOS LTDA'
'52350971000165',638,'DELICIAS DA FAZENDA','G A ANDRADE DE OLIVEIRA'
'57192638000199',588,'','INDUSTRIA DE ALIMENTOS MULTIGRAOS LTDA'
'37599533000141',589,'','GABRIEL B. SOUZA'
'42004932000152',590,'SOLDEV','SOLDEV TECNOLOGIA LTDA'
'58816151000100',591,'','BESSA IMOVEIS & GESTAO S.A.'
'58864354000164',592,'SEREIA BLUEE MODA PRAIA','SEREIA BLUEE MODA PRAIA LTDA'
'58920995000199',594,'RST PRODUTOS','RST SOLUCOES EM PRODUTOS LTDA'
'58976278000189',596,'ADR SPORTS','ADR SPORTS LTDA'
'45283110000146',597,'','ANNA B. H. CHAVES'
'59002604000110',598,'STETYCOYS SAUDE','CLINICA STETYCO''S SAUDE E PERFOMANCE LTDA'
'36405115000103',601,'PET & GROOMER','PET & GROOMER LTDA'
'20207994000129',602,'LW GONDOLAS E CHECK OUTS','L W INDUSTRIA E COMERCIO DE GONDOLAS E CHECK OUTS LTDA'
'59066147000127',603,'CENTER CAR SOLUCOES AUTOMOTIVAS','CENTER CAR SOLUCOES AUTOMOTIVAS LTDA'
'62118403000197',767,'','FITNESS LIFE ACADEMIA LTDA'
'63114906000157',794,'','BILLTT TENDAS FABRICACAO E SERVICOS LTDA'
'66533682000106',875,'','FACCIOLI SOLUCOES DIGITAIS LTDA'
'62109993000191',876,'','62.109.993 CICERO COSTA MOREIRA'
'61700773000175',877,'KAZA DRINK&PUB','H. ERIC MOREIRA DE ANDRADE E CIA LTDA'
'41945960000101',878,'RETIFICA NORTHE','EMANOEL VICTOR LIMA VIANA'
'12981026000147',879,'SUPER CUMBUCO','MERCANTIL SUPER CUMBUCO LTDA'
'66775300000150',880,'','FOOD SELF IRMAOS HILBERT LTDA'
'00224205000150',559,'','CBV BEBIDAS LTDA'
'46972192000107',560,'LAMBDA 0 STUDIO','HENRIQUE ARTUR CORDEIRO GOMES'
'08242533000191',561,'REALIZA CONSTRUCOES','REALIZA CONSTRUCOES E SERVICOS LTDA'
'42299117000168',562,'NORDESTE DISTRIBUIDORA','NORDESTE DISTRIBUIDORA DE GLP, AGUA , MATERIAIS ELETRICOS E DE INFORMATICA LTDA'
'21196487000108',563,'COOPAAGRO','COOPERATIVA AGROPECUARIA E DE SERVICOS NOSSA SENHORA APARECIDA COOPAAGRO'
'31649378000144',815,'AFRICA PLASTICOS','NARCICIO A MENDES'
'33537132000106',566,'COOPAEJO','COOPERATIVA AGROECOLOGICA E DE SERVICOS SAO JOAO BATISTA COOPAEJO'
'28859335000189',567,'NORDESTE DISTRIBUIDORA','NORDESTE DISTRIBUIDORA DE GLP, AGUA E SERVICOS UNIPESSOAL LTDA'
'40987616000112',568,'RR PIZZARIA E MASSAS','RR PIZZARIA E MASSAS LTDA'
'57848842000115',569,'','57.848.842 MARIANA CARDOSO DE SENNA'
'51899757000108',573,'MUNDO DAS BEBIDAS','RAIMUNDA RAULINO DO NASCIMENTO SILVA BEBIDAS E MERCEARIA'
'58130704000169',574,'OCULART OTICA','OCULART OTICA MESSEJANA LTDA'
'58181104000120',579,'','NOVA EMPORIO RS LTDA'
'56386646000103',581,'','I. M. DE SOUSA ALIMENTOS'
'58320892000198',583,'','VITOR OLIVEIRA SERVICOS E NEGOCIOS LTDA'
'57880895000113',584,'','J F S DO NASCIMENTO SERVICOS'
'47025971000150',531,'LANN CONSULT E FINANCAS','LANN CONSULT E FINANCAS LTDA'
'49616657000177',532,'ERGON GESTAO FINANCEIRA','L&L CONSULTORIA E GESTAO FINANCEIRA LTDA'
'52163811000107',535,'EATECH SOLUCOES','EATECH SOLUCOES LTDA'
'55907806000150',536,'','HOLANDA CONSTRUCOES E ENGENHARIA LTDA'
'59011922000147',604,'ABINP','AGENCIA BARRETO DE INTELIGENCIA PRIVADA LTDA'
'59199280000151',608,'USF ENERGIA','U S F ENERGIA LTDA'
'11805777000140',609,'','INBRASOL INDUSTRIA DE PRODUTOS OPTICOS LTDA.'
'08994871000180',610,'FERROVIA','BESERRA & SILVA COMERCIO DE OCULOS LTDA'
'10712266000110',611,'FERROVIA','E & E COMERCIO DE ARTIGOS OPTICOS LTDA'
'22850504000133',612,'FERROVIA','CARIRI COMERCIO DE ARTIGOS OPTICOS LTDA'
'02174437000177',613,'FERROVIA','PLANETA FERROVIA COMERCIO DE PRODUTOS OPTICOS LTDA'
'00091966000181',614,'FERROVIA','FERROVIA INDUSTRIA E COMERCIO DE PRODUTOS OPTICOS LTDA'
'29159044000140',616,'','DA TERRA INDUSTRIA DE PRODUTOS OPTICOS LTDA'
'10968080000127',617,'','A & S COMERCIO DE ARTIGOS OPTICOS LTDA'
'10460692000104',618,'FERROVIA','M. S. COMERCIO DE ARTIGOS OPTICOS LTDA'
'03854920000165',619,'FERROVIA','S & A COMERCIO DE ARTIGOS OPTICOS LTDA'
'10490017000128',620,'FERROVIA FRANCHISING','FERROVIA ADMINISTRADORA DE FRANCHISING LTDA'
'21271872000164',621,'FERROVIA','R M COMERCIO DE ARTIGOS OPTICOS LTDA'
'59255838000179',622,'SK CENTRO AUTOMOTIVO','SILVESTRE E CASTRO SERVICOS LTDA'
'59327641000106',625,'P A B SERVICOS','P A B SERVICOS LTDA'
'39615700000126',626,'','ANTONIA DAS GRACAS DA SILVA PAIXAO'
'59399140000127',629,'QUARTZO PARAIBA','QUARTZO PARAIBA LTDA'
'59398998000177',630,'','ESTALEIRO SERVICOS ADMINISTRATIVOS E ENTREGAS LTDA'
'02174437000410',631,'PLANETA FERROVIA','PLANETA FERROVIA COMERCIO DE PRODUTOS OPTICOS LTDA'
'59428585000198',633,'OTICA RT','OTICA RT LTDA'
'37096002000136',640,'PIZZARIA SANTA MARGHERITA','PIZZARIA SANTA MARGHERITA LTDA'
'48198686000101',641,'C M COMERCIO E CONFECCAO','C M COMERCIO E VESTUARIO'
'59530557000187',642,'ANNA FLOR CONCEITO','ANNA FLOR CONCEITO LTDA'
'58672444000153',643,'BRENA BRULEE CONFEITARIA','MARIA BRENA IVYNA SILVA MOREIRA'
'11153274000137',644,'','CMB GESTAO EMPRESARIAL S/S LTDA'
'51496679000192',645,'FMB','FMB PARTICIPACOES E INVESTIMENTOS LTDA'
'31503175000145',647,'S NENEM AGUIAR','FRANCISCO SAMUEL DO NASCIMENTO PINTO'
'59579418000148',648,'NEXTTRIP LTDA','NEXTTRIP LTDA'
'59637586000142',649,'DAVI MULTIMARCAS','DAVI VIEIRA DA SILVA LTDA'
'17608115000247',715,'PRAIA E MAR','COMERCIAL PRAIA & MAR EIRELI'
'17608115000328',716,'COMERCIAL PRAIA E MAR','COMERCIAL PRAIA & MAR EIRELI'
'61523567000137',745,'','DUNA BUSINESS SOLUTIONS LTDA'
'17608115000166',718,'SUPERMERCARDO PRAIA E MAR','COMERCIAL PRAIA E MAR LTDA'
'06028708000137',719,'MJ 4 INVESTIMENTOS','MJ 4 GESTAO E ADMINISTRACAO DE IMOVEIS LTDA'
'61543087000138',746,'','A4 AR CONDICIONADO LTDA'
'47415615000142',721,'','MJ GESTAO E ADMINISTRACAO DE IMOVEIS LTDA'
'47912801000197',722,'MJ 2 INVESTIMENTOS','MJ 2 GESTAO E ADMINISTRACAO DE IMOVEIS LTDA'
'08822285000158',723,'SUPERMERCADO PRAIA & MAR','COMERCIAL PRAIA E MAR EIRELI'
'08822285000158',724,'PRAIA E MAR','COMERCIAL PRAIA E MAR EIRELI'
'47912672000137',725,'MJ 3 INVESTIMENTOS','MJ 3 GESTAO E ADMINISTRACAO DE IMOVEIS LTDA'
'61559355000100',747,'','JAV DECORACOES E INTERMEDIACOES LTDA'
'60979719000148',729,'','ENCANTO DA SEREIA LTDA'
'59704622000143',652,'UP ADMINISTRATIVO','UP ADMINISTRATIVO LTDA'
'53804172000184',653,'LW GONDOLAS SERVICOS E COMERCIO','L.W. GONDOLAS SERVICOS E COMERCIO LTDA'
'51640200000140',654,'FINOCELL MOZART','FINOCELL MOZART LTDA'
'54527271000129',651,'FINO CELL VARIEDADES JATOBA','FINO CELL VARIEDADES JATOBA LTDA'
'59790955000132',655,'BUDEGA DA FAZENDA','M.V GIRAO LATICINIOS LTDA'
'45768013000143',656,'GARAGEM ASPECTO ZERO','CENTERCAR SERVICOS PARA AUTOS LTDA'
'10448032000108',657,'********','AGUANAMBI SERVICOS PARA AUTOS LTDA'
'32081521000107',658,'AGUA BOM JESUS','INDUSTRIA DE AGUA BOM JESUS LTDA'
'24736676000106',659,'JULIANA FREITAS PODOLOGA','JULIANA DE FREITAS CASTRO RABELO ATIVIDADES DE ESTETICA'
'59876406000185',662,'','VITOR ACESSORIOS E PECAS AUTOMOTIVAS LTDA'
'59926904000195',663,'MIRDAN TRANSPORTES','MIRDAN TRANSPORTES LTDA'
'24111139000170',664,'JS ATACADO','JAS SAMPAIO COMERCIAL DE ALIMENTOS LTDA'
'58482767000184',665,'','EMF SERVICOS E TELECOM LTDA'
'60021978000161',666,'DERMAVITALLE','DERMAVITALLE LTDA'
'41550666000109',768,'MERCADINHO IDEAL','MA DE ALMEIDA COMERCIO DE ALIMENTOS IDEAL LTDA'
'41550666000281',769,'MERCADINHO IDEAL','MA DE ALMEIDA COMERCIO DE ALIMENTOS IDEAL LTDA'
'58646521000109',771,'','STARTING GESTAO FINANCEIRA LTDA'
'10793168000155',772,'ABC DOS EXTINTORES','ABC DOS EXTINTORES COMERCIO E MANUTENCAO DE MATERIAIS CONTRA INCENDIOS LTDA'
'62299084000163',773,'','MAIS ARAMADOS LTDA'
'60018792000153',667,'DEBITT CONTABILIDADE DIGITAL LTDA','DEBITT GESTAO E TECNOLOGIA LTDA'
'60014747000120',668,'','BILLTT TENDAS COMERCIO E SERVICOS LTDA'
'57069753000170',669,'COMERCIAL DUDA MIX','COMERCIAL DE ALIMENTOS DUDA MIX LTDA'
'60044271000170',670,'BESSA COMERCIO DE CONFECCOES','BESSA COMERCIO DE CONFECCOES LTDA'
'59575170000147',671,'','J.S. SERVICOS LTDA'
'47497381000120',673,'SOU LUZ ENERGY','SOU LUZ ENERGY - ENERGIAS RENOVAVEIS LTDA'
'60170181000126',675,'AR MERCADINHO','AR MERCADINHO LTDA'
'60169250000181',676,'','NOVA MIX SERVICOS CONFEITARIA E CONSULTORIA LTDA'
'60169308000197',677,'','NOVA ADMINISTRATIVO LTDA'
'60448228000170',686,'','A R C J ODONTOLOGIA LTDA'
'60451983000104',687,'','PIZZARIA SANTA MARGHERITA BOAVENTURA LTDA'
'10421036000100',681,'FORTALS PRE-MOLDADOS','FORTALS PRE- MOLDADOS LTDA'
'27614305000140',682,'FORTAL PREMOLDADOS','FORTAL PREMOLDADOS LTDA'
'38029957000133',688,'EOLIA WIND SERVICES','EOLIA WIND SERVICES MANUTENCAO EM AEROGERADORES LTDA'
'58586725000193',689,'COMPLEXO ARENA','COMPLEXO ARENA LTDA'
'50623645000744',691,,'JOLIE-CE COMERCIO DE CALォDOS LTDA'
'60593342000194',692,'','EOLIA RENOVAVEIS LTDA'
'60593549000169',693,'','EOLIA SERVICOS EM ALTURAS E ESPACOS CONFINADOS LTDA'
'60547558000113',694,'','L.M. CARVALHO MODAS E CONFECCOES LTDA'
'60585518000166',695,'','CUIDADO FARMA COMERCIO VAREJISTA DE PRODUTOS FARMACEUTICOS LTDA'
'60537084000129',696,'','TOP AMBIENTAL SERVICOS LTDA'
'43564705000144',697,'','JOSE NILSON MAIA JUNIOR'
'60664657000185',699,'','60.664.657 LARA FREITAS DIAS'
'60570708000100',700,'','ANDRADE OLIVEIRA TREINAMENTOS LTDA'
'60696867000155',701,'PETIT TETE','2E ECOM COMERCIO DE ROUPAS LTDA'
'60708240000177',702,'AGILIZARTI','AGILIZARTI LTDA'
'55973695000180',753,'METALURGICA SANTA MARIA','METALURGICA SANTA MARIA LTDA'
'61799099000128',754,'','GML INSTALACOES LTDA'
'51907369000113',756,'','B&R TELECOM LTDA'
'47237447000142',757,'DOMMI ACRILICOS','DOMMI ACRILICOS LTDA'
'60783951000106',703,'','MX PLANEJADOS LTDA'
'60010459000106',704,'','R V R SERVICOS E TURISMO LTDA'
'60847838000147',705,'','J. SERVICOS ENTREGA LTDA'
'16981259000109',706,'FINOCELL','FINOCELL MARA LTDA'
'54619092000111',707,'FINOCELL VARIEDADES E ACESSORIOS E ELETRONICOS','FINOCELL VARIEDADES E ACESSORIOS E ELETRONICOS LTDA'
'32176867000199',708,'FINOCELL IMPORTADOS','FINOCELL COMERCIO DE ELETRONICOS IMPORTADOS LTDA'
'32202914000121',709,'KRONUS','KRONUS VARIEDADES LTDA'
'60872237000194',710,'','D K HOLANDA SERVICOS MEDICOS LTDA'
'60879472000198',711,'','S&S FRIOS E ALIMENTOS LTDA'
'05291552301',712,,'MARIANA CARDOSO DE SENNA'
'60913223000171',713,'','B. L. V. M. CLINICA DE PSICOLOGIA LTDA'
'44322282000119',714,'FARMACIAS SANTAS CHAGAS','ML DE SOUSA FARMACIAS LTDA'
'61016576000131',731,'','CEARA DECORACOES E INTERMEDIACOES LTDA'
'61163669000199',732,'','COMERCIO GALPAO DOS MOVEIS LTDA'
'59007303000189',733,'','59.007.303 JOAO VICTOR GEYSON SILVEIRA ARAUJO'
'21687680000133',734,'MERCADINHO XIMENES','MERCADINHO NAIARA XIMENES COMERCIAL LTDA'
'11994430000192',748,'','DIMARSAL LTDA'
'61616513000116',750,'','ALLIAH RH E CONSULTORIA LTDA'
'48929267000194',751,'CEARA GOURMET','CEARA GOURMET SERVICOS DE ALIMENTACAO LTDA'
'61706705000113',752,'','CF MILITAR INDUSTRIA E COMERCIO DE CONFECCOES E EQUIPAMENTOS LTDA'
'56991842000107',758,'GN SUBLIMAIS','GN SUBLIMAIS INDUSTRIA & COMERCIO DE CONFECCOES LTDA'
'62020322000150',759,'','M R RORIZ SERVICOS MEDICOS LTDA'
'60773913000172',760,'ACRYLUME','ACRYLUME LTDA'
'09156818000172',761,'A B C DOS EXTINTORES','MAGILA HELLEN PEREIRA'
'28941256000112',762,'LRX EQUIPAMENTOS DE COMBATE A INCENDIO','LRX COMERCIO DE EQUIPAMENTOS DE COMBATE A INCENDIO E SEGURANCA LTDA'
'16563693000160',763,'ABC DOS EXTINTORES','TIANGUA COMERCIO E MANUTENCAO DE MATERIAIS CONTRA INCENDIOS LTDA'
'21977156000105',764,'EXTINFOGO','EXTINFOGO COMERCIO E MANUTENCAO DE MATERIAIS CONTRA INCENDIO LTDA'
'62071560000194',765,'','JP NOBRE COMERCIO PECAS E ACESSORIOS AUTOMOTIVO LTDA'
'62074320000143',766,'','CONTABILIDADE MEDICA INTEGRADA LTDA'
'62302127000112',774,'','CBV BEBIDAS E DESTILADOS LTDA'
'62350943000100',775,'','HARMONIZA ODONTOLOGIA LTDA'
'62387045000118',776,'','DI OTTICA INDUSTRIA E COMERCIO DE PRODUTOS OPTICOS LTDA'
'20785430000173',777,'LED PLANET','LED PLANET IMPORTADORA E COMERCIO DE MATERIAIS ELETRICOS LTDA'
'24736676000297',778,'','JULIANA DE FREITAS CASTRO RABELO ATIVIDADES DE ESTETICA'
'62351072000130',779,'','CASA YBY AMBIENTAL LTDA'
'43457629000178',780,'','CHERIE CRISTAL LTDA'
'61512041000151',781,'','I Q F GOMES SERVICOS LTDA'
'63206383000179',795,'','T SILVA SOLUCOES EM FERRAGENS LTDA'
'44222302000180',796,'','G M M NOGUEIRA COMERCIO VAREJISTA DE MATERIAIS DE CONSTRUCAO'
'60424838000134',797,'','FJ AGUAS DISTRIBUIDORA LTDA'
'63274736000178',798,'','EXPOFACIL LTDA'
'34278936000109',799,'','CAROLINE DE SOUZA ALMEIDA ABRITTA LTDA'
'03580716000101',801,'HOLANDA REPRESENTACOES','ANTONIO HOLANDA REPRESENTACOES LTDA'
'63409728000191',802,'','F J ENTREGAS LTDA'
'63415973000101',803,'','HOLANDA INTERMEDIACOES LTDA'
'63426674000172',804,'NEW TIME FITNESS','ACADEMIA NEW TIME LTDA'
'63488917000105',805,'','CRIADORIA PRODUCOES DIGITAIS LTDA'
'52474336000190',806,'WILLIAM CONSTRUCOES','WILLIAM CONSTRUCOES LTDA'
'63502984000129',807,'ABRITTA LIFE','ABRITTA MEDICINA E SAUDE LTDA'
'55756503000183',808,'','LBB FISIOTERAPIA LTDA'
'60220774000150',809,'','FKNEX VARIEDADES LTDA'
'63547514000181',810,'','T S COSMETICOS LTDA'
'49295831000127',816,'','CAICO BORELLI SOCIEDADE INDIVIDUAL DE ADVOCACIA'
'64020784000100',817,'','AXIS ACELERADORA LTDA'
'07121465000140',811,'CEARA EXTINTORES','I M PEREIRA'
'18631323000149',812,'PADARIA MAR E SOL','PADARIA MAR E SOL LTDA'
'40453230000120',813,'GESSO TORRINHA','CARLIANA DA COSTA LOPES'
'64021003000194',818,'','FLUX COMEX TECNOLOGIA E NEGOCIOS LTDA'
'03175564000153',819,'','F J MELO MATERIAL DE CONSTRUCAO LTDA'
'08198069000183',820,'D C CONSTRUCOES','D C MATERIAL DE CONSTRUCAO LTDA'
'40698871000145',821,'SERDEC SERVICOS','SERDEC SOLUCOES EM VENDAS, SERVICOS DE ENTREGA & MARKETING LTDA'
'57209857000133',822,'CANEVA FITWEAR','V N INDUSTRIA E COMERCIO DE CONFECCOES LTDA'
'64036399000143',823,'RBM STAYS','RBM NEGOCIOS IMOBILIARIOS LTDA'
'64070776000160',824,'','DRA. DENISE GUERRA SERVICOS MEDICOS LTDA'
'64283304000196',826,'','PAOLA LOG E INTERMEDIACOES LTDA'
'64375792000161',827,'','M S ESCAP SERVICOS LTDA'
'64407523000130',828,'','SELECT GRAOS LTDA'
'15839645000190',829,'','TERRA DO SOL LTDA'
'',830,'TESTE','TESTE'
'58876738000105',832,'LOJA SONHO MEU','LOJA SONHO MEU LTDA'
'64497678000104',833,'','JULIANA FREITAS STUDIO LTDA'
'64530378000180',834,'','A J V 2 COMERCIO VAREJISTA DE PRODUTOS FARMACEUTICOS LTDA'
'64565829000114',835,'INSTITUTO SINAPSE','FLAVIA DE MORAES LTDA'
'36965599000145',836,'FARMA BESSA','SHIRLLEY MARA BESSA PEREIRA'
'50326947000165',837,'NOVUS CONSULTORIA INTEGRADA','MACILIANA BARBOSA DE LIMA'
'03175564000234',838,'','F J MELO MATERIAL DE CONSTRUCAO LTDA'
'64980680000130',839,'','AL RAMOS SERVICOS MEDICOS LTDA'
'65017267000137',840,'','RETRO DANCING CLUB LTDA'
'65038336000199',841,'JS INCORPORACOES','JS INCORPORACOES LTDA'
'65079225000120',842,'','CEPASP INTERMEDIARIA LTDA'
'65327841000153',851,'','R&K SOLUCOES EM SAUDE LTDA'
'65349768000110',852,'','ZOVITA NUTRICAO ANIMAL LTDA'
'65379360000191',853,'','MIX FARMA POPULAR LTDA'
'19831531000154',854,'SUPPLY CHAIN','FGM SUPPLY CHAIN LTDA'
'65580713000117',855,'ESPACO PIZZA','CAMILA LUZIA DE SOUSA VALENTIM LTDA'
'62525911000190',856,'JST CONSTRUCOES','JST CONSTRUCOES SERVICOS E EMPREENDIMENTOS LTDA'
'65950145000107',857,'','ALPHAMED LOCACOES E SERVICOS LTDA'
'48964174000109',858,'A C LIMPEZA','A C PRODUTOS DE LIMPEZA E DESCARTAVEIS LTDA'
'41329903000106',859,'PMFAF PATOLOGIA','PMFAF PATOLOGIA LTDA'
'66031091000130',860,'','VIVA GESTAO LTDA'
'40625724000145',861,'ZITRONE','ZITRONE CAR CARE COMERCIO DE EQUIPAMENTOS E PRODUTOS AUTOMOTIVOS LTDA'
'66133616000149',862,'','MARREIRA JUNIOR SERVICOS E INTERMEDIACOES LTDA'
'52644975000156',863,'','VF PERFOMANCE LTDA'
'37203431000165',866,'MEU DELIVERY PRIME','CAMILA RAMOS CRUZ LTDA'
'66259406000100',867,'','NOBRE CONSULTORIA E TREINAMENTO LTDA'
'66297087000119',868,'IS360','IS360 GESTAO E PERFORMANCE LTDA'
'32067940000194',869,'ZITRONE','P H GOMES ARAUJO PRODUTOS E EQUIPAMENTOS AUTOMOTIVOS'
'14953224000122',870,'','F J XIMENES DISTRIBUIDORA DE BEBIDAS LTDA'
'48098431000169',871,'AAB ARAMADOS AURORA BRASIL','GEORGE BEZERRA PEREIRA DE LIMA'
'65635974000197',872,'','AMOR E FARMA COMERCIO VAREJISTA DE PRODUTOS FARMACEUTICOS LTDA'
'37033193000197',873,'KOREFAKE ACESSORIOS TATICOS','GADELHA ACESSORIOS TATICOS LTDA'
'09520008000153',874,'','J E F COMERCIO VAREJISTA DE GAS LTDA'
'17608115000328',881,'COMERCIAL PRAIA E MAR','COMERCIAL PRAIA E MAR LTDA'
'66836481000188',882,'ACAI BEACH ICARAI','ACAI BEACH ICARAI LTDA'
'66841076000158',883,'SUL TELHA','CJE MATERIAL DE CONSTRUCAO E TRANSPORTE LTDA'
'59416707000126',884,,'BARROSO SERVICOS EM TECNOLOGIAS LTDA'
'66905376000153',885,,'G & G DISTRIBUIDORA DE BEBIDAS LTDA'
'63661795000107',886,,'MSI SERVICOS DE ENTREGA LTDA'
'30210986000195',887,'FRAN FRIOS','FRANCISCO DAS CHAGAS PINHEIRO GOMES'
'67014294000181',888,,'CLEANPROTEIN INTERMEDIACOES LTDA'
